,Open,High,Low,Close,Adj Close,Volume
2021-11-01 09:30:00,1145.0,1150.0,1119.4625244140625,1135.364990234375,1135.364990234375,14824885
2021-11-01 10:30:00,1135.300048828125,1162.36474609375,1132.56005859375,1161.3751220703125,1161.3751220703125,7175951
2021-11-01 11:30:00,1161.219970703125,1175.75,1154.240234375,1170.02001953125,1170.02001953125,6567429
2021-11-01 12:30:00,1170.1690673828125,1193.489990234375,1167.050048828125,1172.4000244140625,1172.4000244140625,7126538
2021-11-01 13:30:00,1172.4000244140625,1178.97998046875,1162.2099609375,1167.06005859375,1167.06005859375,5269389
2021-11-01 14:30:00,1166.969970703125,1191.0,1166.02001953125,1191.0,1191.0,5371085
2021-11-01 15:30:00,1190.9998779296875,1209.75,1190.0,1209.469970703125,1209.469970703125,6931619
2021-11-02 09:30:00,1159.35498046875,1208.0,1146.0,1202.31005859375,1202.31005859375,20277111
2021-11-02 10:30:00,1202.43994140625,1202.449951171875,1172.800048828125,1177.6300048828125,1177.6300048828125,5021014
2021-11-02 11:30:00,1175.802001953125,1181.0,1161.0,1162.6455078125,1162.6455078125,4011854
2021-11-02 12:30:00,1162.5638427734375,1172.449951171875,1152.6600341796875,1166.0501708984375,1166.0501708984375,3864811
2021-11-02 13:30:00,1165.824951171875,1168.6800537109375,1159.0101318359375,1164.800048828125,1164.800048828125,1840610
2021-11-02 14:30:00,1164.8299560546875,1183.8798828125,1160.5,1179.7249755859375,1179.7249755859375,3826987
2021-11-02 15:30:00,1180.0,1189.2598876953125,1166.75,1171.8499755859375,1171.8499755859375,3046783
2021-11-03 09:30:00,1177.3299560546875,1190.9000244140625,1170.030029296875,1183.3299560546875,1183.3299560546875,8041885
2021-11-03 10:30:00,1182.699951171875,1184.7239990234375,1172.2801513671875,1173.4749755859375,1173.4749755859375,2548236
2021-11-03 11:30:00,1173.3199462890625,1173.800048828125,1152.6199951171875,1170.324951171875,1170.324951171875,3836632
2021-11-03 12:30:00,1170.5,1183.0,1168.0,1177.3399658203125,1177.3399658203125,3803781
2021-11-03 13:30:00,1177.3699951171875,1178.5,1165.0899658203125,1174.4949951171875,1174.4949951171875,2856812
2021-11-03 14:30:00,1174.2547607421875,1208.4898681640625,1171.0400390625,1197.949951171875,1197.949951171875,7777992
2021-11-03 15:30:00,1197.9549560546875,1215.3900146484375,1195.5,1213.68798828125,1213.68798828125,3932824
2021-11-04 09:30:00,1234.4100341796875,1242.0,1224.820068359375,1232.6964111328125,1232.6964111328125,8598134
2021-11-04 10:30:00,1232.6199951171875,1243.489990234375,1227.5,1227.5,1227.5,3846857
2021-11-04 11:30:00,1227.65869140625,1239.699951171875,1217.0,1238.780029296875,1238.780029296875,3879996
2021-11-04 12:30:00,1239.0699462890625,1241.389892578125,1231.699951171875,1235.469970703125,1235.469970703125,1960785
2021-11-04 13:30:00,1235.5799560546875,1238.760009765625,1228.0,1235.3800048828125,1235.3800048828125,2038975
2021-11-04 14:30:00,1235.6500244140625,1240.0,1227.0,1228.31005859375,1228.31005859375,2175368
2021-11-04 15:30:00,1228.5,1237.050048828125,1225.800048828125,1229.72998046875,1229.72998046875,2221688
2021-11-05 09:30:00,1228.0,1238.0,1208.0,1230.949951171875,1230.949951171875,6835874
2021-11-05 10:30:00,1231.0699462890625,1238.929931640625,1228.5350341796875,1229.2198486328125,1229.2198486328125,2512527
2021-11-05 11:30:00,1229.010009765625,1235.300048828125,1227.1883544921875,1234.25,1234.25,1479143
2021-11-05 12:30:00,1234.093505859375,1239.8699951171875,1220.0,1222.97998046875,1222.97998046875,3527066
2021-11-05 13:30:00,1222.97998046875,1231.199951171875,1222.97998046875,1229.1298828125,1229.1298828125,1685170
2021-11-05 14:30:00,1229.1199951171875,1232.239990234375,1218.5899658203125,1221.0400390625,1221.0400390625,2549845
2021-11-05 15:30:00,1221.050048828125,1225.949951171875,1216.9599609375,1221.4405517578125,1221.4405517578125,2435693
2021-11-08 09:30:00,1149.7850341796875,1197.0,1133.0,1189.2049560546875,1189.2049560546875,16338270
2021-11-08 10:30:00,1188.9300537109375,1194.0,1178.550048828125,1188.7099609375,1188.7099609375,4594510
2021-11-08 11:30:00,1188.574951171875,1190.0,1181.110107421875,1186.5,1186.5,2091728
2021-11-08 12:30:00,1186.6650390625,1194.489990234375,1185.2010498046875,1187.5999755859375,1187.5999755859375,1730535
2021-11-08 13:30:00,1187.2900390625,1189.199951171875,1179.1800537109375,1179.5595703125,1179.5595703125,2147664
2021-11-08 14:30:00,1179.530029296875,1186.0999755859375,1179.010009765625,1181.8577880859375,1181.8577880859375,1513944
2021-11-08 15:30:00,1181.6700439453125,1182.3299560546875,1160.0,1162.72998046875,1162.72998046875,3432077
2021-11-09 09:30:00,1173.5999755859375,1174.5,1032.0001220703125,1092.655029296875,1092.655029296875,20541403
2021-11-09 10:30:00,1092.6500244140625,1104.530029296875,1072.6201171875,1075.0,1075.0,5745896
2021-11-09 11:30:00,1074.8900146484375,1079.489990234375,1035.0,1049.6400146484375,1049.6400146484375,8760554
2021-11-09 12:30:00,1050.0,1052.5899658203125,1023.6400146484375,1043.8399658203125,1043.8399658203125,6710922
2021-11-09 13:30:00,1043.8299560546875,1060.9300537109375,1027.2900390625,1050.18994140625,1050.18994140625,5610352
2021-11-09 14:30:00,1050.3099365234375,1052.7099609375,1024.449951171875,1024.949951171875,1024.949951171875,5163438
2021-11-09 15:30:00,1024.780029296875,1031.68994140625,1011.52001953125,1023.510009765625,1023.510009765625,5229288
2021-11-10 09:30:00,1010.4099731445312,1074.0,987.3099975585938,1069.1571044921875,1069.1571044921875,16659921
2021-11-10 10:30:00,1069.0,1078.0999755859375,1064.6280517578125,1067.3399658203125,1067.3399658203125,4909510
2021-11-10 11:30:00,1066.8499755859375,1071.0,1050.800048828125,1050.800048828125,1050.800048828125,2861072
2021-11-10 12:30:00,1051.31005859375,1068.25,1048.0,1048.3260498046875,1048.3260498046875,3492110
2021-11-10 13:30:00,1048.324951171875,1059.869873046875,1030.0,1030.6500244140625,1030.6500244140625,2830500
2021-11-10 14:30:00,1030.110107421875,1067.0,1012.5,1062.25,1062.25,6051992
2021-11-10 15:30:00,1062.3599853515625,1075.4300537109375,1052.449951171875,1067.760009765625,1067.760009765625,4117217
2021-11-11 09:30:00,1102.77001953125,1104.969970703125,1054.6800537109375,1070.7298583984375,1070.7298583984375,10058156
2021-11-11 10:30:00,1069.4560546875,1082.0849609375,1065.4200439453125,1072.1400146484375,1072.1400146484375,3274931
2021-11-11 11:30:00,1072.1761474609375,1077.237548828125,1061.41015625,1065.059326171875,1065.059326171875,2060320
2021-11-11 12:30:00,1065.0,1072.3199462890625,1057.0,1060.422607421875,1060.422607421875,1687918
2021-11-11 13:30:00,1060.31494140625,1068.9000244140625,1056.050048828125,1067.2049560546875,1067.2049560546875,1629162
2021-11-11 14:30:00,1067.0849609375,1071.18994140625,1061.18994140625,1064.5804443359375,1064.5804443359375,1619352
2021-11-11 15:30:00,1064.52001953125,1065.3900146484375,1060.0,1063.510009765625,1063.510009765625,1359666
2021-11-12 09:30:00,1047.5,1054.5,1028.0,1046.7950439453125,1046.7950439453125,6696872
2021-11-12 10:30:00,1046.8399658203125,1047.5,1031.25,1031.670654296875,1031.670654296875,3063932
2021-11-12 11:30:00,1031.6199951171875,1032.199951171875,1019.2000122070312,1027.1300048828125,1027.1300048828125,3734140
2021-11-12 12:30:00,1027.2841796875,1036.25,1021.1099853515625,1025.5699462890625,1025.5699462890625,3202101
2021-11-12 13:30:00,1025.5799560546875,1036.9998779296875,1021.3499755859375,1025.135009765625,1025.135009765625,2664521
2021-11-12 14:30:00,1025.135009765625,1030.5999755859375,1022.1099853515625,1028.1199951171875,1028.1199951171875,2395093
2021-11-12 15:30:00,1028.1800537109375,1035.469970703125,1027.10009765625,1033.5,1033.5,2741470
2021-11-15 09:30:00,1018.125,1019.7899780273438,982.030029296875,983.02001953125,983.02001953125,10051800
2021-11-15 10:30:00,983.1387939453125,994.8499755859375,978.5999755859375,989.6099853515625,989.6099853515625,5298533
2021-11-15 11:30:00,989.6599731445312,998.613525390625,985.0,988.64501953125,988.64501953125,3174773
2021-11-15 12:30:00,988.6500244140625,993.5,986.5,988.833984375,988.833984375,1903935
2021-11-15 13:30:00,989.0,990.0,983.3800048828125,985.40478515625,985.40478515625,1941597
2021-11-15 14:30:00,985.4899291992188,1031.97998046875,984.5410766601562,1018.0900268554688,1018.0900268554688,8299519
2021-11-15 15:30:00,1017.969970703125,1018.919921875,1003.5001220703125,1013.6900024414062,1013.6900024414062,3105646
2021-11-16 09:30:00,1003.3099975585938,1057.199951171875,1002.1799926757812,1046.31005859375,1046.31005859375,11000886
2021-11-16 10:30:00,1046.425048828125,1055.3399658203125,1040.1099853515625,1045.2259521484375,1045.2259521484375,3259333
2021-11-16 11:30:00,1045.303955078125,1047.3699951171875,1035.9200439453125,1043.5450439453125,1043.5450439453125,2176392
2021-11-16 12:30:00,1043.8499755859375,1054.5198974609375,1038.0699462890625,1048.0799560546875,1048.0799560546875,2438797
2021-11-16 13:30:00,1047.6429443359375,1053.2498779296875,1044.1800537109375,1044.8900146484375,1044.8900146484375,1773200
2021-11-16 14:30:00,1045.0499267578125,1048.679931640625,1038.0,1043.2530517578125,1043.2530517578125,2186827
2021-11-16 15:30:00,1043.030029296875,1057.0,1043.010009765625,1054.5400390625,1054.5400390625,2348845
2021-11-17 09:30:00,1063.510009765625,1095.6099853515625,1055.5,1092.6624755859375,1092.6624755859375,8748118
2021-11-17 10:30:00,1092.518798828125,1119.6400146484375,1089.1099853515625,1099.3299560546875,1099.3299560546875,7445645
2021-11-17 11:30:00,1099.6800537109375,1102.9798583984375,1083.550048828125,1086.0,1086.0,3139919
2021-11-17 12:30:00,1085.8900146484375,1091.469970703125,1072.219970703125,1086.7197265625,1086.7197265625,3382848
2021-11-17 13:30:00,1086.3299560546875,1101.469970703125,1082.1199951171875,1098.469970703125,1098.469970703125,2998146
2021-11-17 14:30:00,1098.51953125,1102.989990234375,1084.0001220703125,1088.260009765625,1088.260009765625,3095006
2021-11-17 15:30:00,1088.433837890625,1097.56005859375,1088.433837890625,1089.4000244140625,1089.4000244140625,1592919
2021-11-18 09:30:00,1106.550048828125,1112.0,1085.9599609375,1093.300048828125,1093.300048828125,6350406
2021-11-18 10:30:00,1093.9200439453125,1105.4100341796875,1093.260009765625,1098.43994140625,1098.43994140625,2290966
2021-11-18 11:30:00,1098.4200439453125,1108.989990234375,1090.090087890625,1094.5400390625,1094.5400390625,2516966
2021-11-18 12:30:00,1094.3428955078125,1099.2099609375,1078.4749755859375,1083.6910400390625,1083.6910400390625,3095725
2021-11-18 13:30:00,1083.3399658203125,1085.3922119140625,1075.02001953125,1081.0,1081.0,1677286
2021-11-18 14:30:00,1081.010009765625,1098.47998046875,1078.0,1097.130126953125,1097.130126953125,1996113
2021-11-18 15:30:00,1097.1300048828125,1102.0,1091.0400390625,1096.3699951171875,1096.3699951171875,2189114
2021-11-19 09:30:00,1101.43994140625,1109.6099853515625,1093.5450439453125,1098.719970703125,1098.719970703125,4870913
2021-11-19 10:30:00,1099.074951171875,1109.3599853515625,1095.989990234375,1106.0699462890625,1106.0699462890625,1993201
2021-11-19 11:30:00,1106.14501953125,1108.4000244140625,1099.8599853515625,1106.175048828125,1106.175048828125,1667611
2021-11-19 12:30:00,1106.1910400390625,1118.64892578125,1104.5296630859375,1114.1700439453125,1114.1700439453125,2238861
2021-11-19 13:30:00,1114.255859375,1126.5,1113.4000244140625,1123.699951171875,1123.699951171875,2787446
2021-11-19 14:30:00,1123.6099853515625,1138.7198486328125,1122.0400390625,1137.75,1137.75,3861284
2021-11-19 15:30:00,1137.949951171875,1138.5699462890625,1127.0,1137.1199951171875,1137.1199951171875,2695299
2021-11-22 09:30:00,1163.3800048828125,1194.6600341796875,1156.550048828125,1187.5999755859375,1187.5999755859375,8728194
2021-11-22 10:30:00,1187.25,1201.949951171875,1181.0,1183.949951171875,1183.949951171875,4487126
2021-11-22 11:30:00,1183.9200439453125,1190.18994140625,1132.4300537109375,1169.8116455078125,1169.8116455078125,6898209
2021-11-22 12:30:00,1170.0517578125,1184.89990234375,1167.610107421875,1183.489990234375,1183.489990234375,3417225
2021-11-22 13:30:00,1183.6600341796875,1185.199951171875,1165.7701416015625,1172.030029296875,1172.030029296875,2442575
2021-11-22 14:30:00,1172.22998046875,1190.93994140625,1170.3599853515625,1177.0,1177.0,2898201
2021-11-22 15:30:00,1177.0,1184.969970703125,1153.02001953125,1156.050048828125,1156.050048828125,2477475
2021-11-23 09:30:00,1167.510009765625,1180.449951171875,1145.0,1145.696044921875,1145.696044921875,7034765
2021-11-23 10:30:00,1145.25,1152.81005859375,1112.1800537109375,1125.4100341796875,1125.4100341796875,6145188
2021-11-23 11:30:00,1125.300048828125,1136.3299560546875,1116.0,1116.1600341796875,1116.1600341796875,2626609
2021-11-23 12:30:00,1116.4100341796875,1122.849853515625,1075.3800048828125,1079.5882568359375,1079.5882568359375,5014332
2021-11-23 13:30:00,1079.4100341796875,1092.139892578125,1062.699951171875,1070.4000244140625,1070.4000244140625,6454823
2021-11-23 14:30:00,1070.0,1101.849853515625,1066.5999755859375,1091.8800048828125,1091.8800048828125,4474771
2021-11-23 15:30:00,1092.02001953125,1114.6300048828125,1090.68994140625,1108.81005859375,1108.81005859375,3226516
2021-11-24 09:30:00,1080.3900146484375,1120.0,1062.0,1111.68994140625,1111.68994140625,8607772
2021-11-24 10:30:00,1112.0,1125.93994140625,1102.7099609375,1123.0799560546875,1123.0799560546875,3487042
2021-11-24 11:30:00,1123.52001953125,1127.8800048828125,1110.3399658203125,1112.3099365234375,1112.3099365234375,1863941
2021-11-24 12:30:00,1111.7701416015625,1127.5,1111.22998046875,1124.17431640625,1124.17431640625,1560800
2021-11-24 13:30:00,1124.050048828125,1130.5999755859375,1111.6900634765625,1120.0587158203125,1120.0587158203125,2370923
2021-11-24 14:30:00,1120.7099609375,1132.77001953125,1120.2230224609375,1127.7149658203125,1127.7149658203125,1694252
2021-11-24 15:30:00,1127.9102783203125,1128.8199462890625,1111.5,1115.8499755859375,1115.8499755859375,2059375
2021-11-26 09:30:00,1099.469970703125,1108.78271484375,1081.449951171875,1102.449951171875,1102.449951171875,4954776
2021-11-26 10:30:00,1102.6800537109375,1106.619873046875,1084.3900146484375,1093.175048828125,1093.175048828125,2401584
2021-11-26 11:30:00,1092.8499755859375,1098.1700439453125,1088.010009765625,1091.7750244140625,1091.7750244140625,1697599
2021-11-26 13:00:00,1091.47998046875,1092.969970703125,1081.0,1083.969970703125,1083.969970703125,0
2021-11-29 09:30:00,1100.989990234375,1139.4898681640625,1100.18994140625,1124.2550048828125,1124.2550048828125,6506994
2021-11-29 10:30:00,1124.691162109375,1139.0,1122.25,1133.4000244140625,1133.4000244140625,2696320
2021-11-29 11:30:00,1133.675048828125,1138.8800048828125,1129.699951171875,1132.4649658203125,1132.4649658203125,1439071
2021-11-29 12:30:00,1132.4000244140625,1142.6700439453125,1127.780029296875,1131.739990234375,1131.739990234375,2359972
2021-11-29 13:30:00,1131.6300048828125,1134.3299560546875,1121.219970703125,1125.89501953125,1125.89501953125,1825649
2021-11-29 14:30:00,1125.6700439453125,1134.4998779296875,1123.800048828125,1133.6497802734375,1133.6497802734375,1480504
2021-11-29 15:30:00,1133.4599609375,1137.800048828125,1130.739990234375,1136.97998046875,1136.97998046875,1817540
2021-11-30 09:30:00,1144.3699951171875,1168.0,1144.004150390625,1162.8699951171875,1162.8699951171875,6562747
2021-11-30 10:30:00,1163.300048828125,1166.5,1126.0,1131.199951171875,1131.199951171875,5269359
2021-11-30 11:30:00,1130.52001953125,1135.8599853515625,1118.0,1131.31494140625,1131.31494140625,3247689
2021-11-30 12:30:00,1130.8900146484375,1141.949951171875,1125.199951171875,1126.4952392578125,1126.4952392578125,2089177
2021-11-30 13:30:00,1126.530029296875,1143.5699462890625,1125.530029296875,1138.52001953125,1138.52001953125,1840965
2021-11-30 14:30:00,1138.68994140625,1142.31005859375,1129.52001953125,1133.550048828125,1133.550048828125,1857578
2021-11-30 15:30:00,1133.6500244140625,1146.75,1133.449951171875,1144.9200439453125,1144.9200439453125,2098568
2021-12-01 09:30:00,1160.6949462890625,1172.83984375,1147.5999755859375,1149.6400146484375,1149.6400146484375,5872109
2021-12-01 10:30:00,1149.5999755859375,1163.2099609375,1148.52001953125,1156.780029296875,1156.780029296875,2274784
2021-12-01 11:30:00,1157.0400390625,1158.1099853515625,1145.06005859375,1149.0,1149.0,2134140
2021-12-01 12:30:00,1149.31005859375,1154.25,1135.1600341796875,1142.219970703125,1142.219970703125,2182647
2021-12-01 13:30:00,1142.311279296875,1144.14990234375,1118.0,1130.550048828125,1130.550048828125,2706088
2021-12-01 14:30:00,1130.5,1131.3499755859375,1090.760009765625,1106.0,1106.0,3867445
2021-12-01 15:30:00,1105.1656494140625,1118.1099853515625,1093.1500244140625,1094.219970703125,1094.219970703125,2873226
2021-12-02 09:30:00,1099.06005859375,1113.0,1060.5999755859375,1077.0400390625,1077.0400390625,7669290
2021-12-02 10:30:00,1077.352783203125,1100.2449951171875,1056.6500244140625,1097.5400390625,1097.5400390625,4957511
2021-12-02 11:30:00,1097.5400390625,1100.0,1079.550048828125,1096.829345703125,1096.829345703125,2479275
2021-12-02 12:30:00,1096.8299560546875,1097.7198486328125,1073.10009765625,1075.4000244140625,1075.4000244140625,2058546
2021-12-02 13:30:00,1075.550048828125,1086.06005859375,1069.0699462890625,1084.2198486328125,1084.2198486328125,2092472
2021-12-02 14:30:00,1083.3800048828125,1091.0,1070.8399658203125,1078.4000244140625,1078.4000244140625,2386118
2021-12-02 15:30:00,1078.47998046875,1087.6500244140625,1077.969970703125,1084.530029296875,1084.530029296875,1592966
2021-12-03 09:30:00,1084.7900390625,1090.5753173828125,1038.2801513671875,1049.08984375,1049.08984375,6717825
2021-12-03 10:30:00,1048.93994140625,1052.0,1006.7100219726562,1026.6600341796875,1026.6600341796875,6397035
2021-12-03 11:30:00,1026.5899658203125,1030.8798828125,1008.0999755859375,1018.3800048828125,1018.3800048828125,4234327
2021-12-03 12:30:00,1018.5700073242188,1032.7099609375,1014.1199951171875,1026.510009765625,1026.510009765625,2839150
2021-12-03 13:30:00,1027.131591796875,1027.131591796875,1014.594970703125,1022.1950073242188,1022.1950073242188,2138691
2021-12-03 14:30:00,1022.5399169921875,1022.5399780273438,1003.8499755859375,1017.0999755859375,1017.0999755859375,3530112
2021-12-03 15:30:00,1016.969970703125,1023.9199829101562,1000.2100219726562,1015.1400146484375,1015.1400146484375,3360699
2021-12-06 09:30:00,1001.510009765625,1003.0198974609375,953.0,992.3599853515625,992.3599853515625,11005415
2021-12-06 10:30:00,992.239990234375,995.0,970.77001953125,978.6201171875,978.6201171875,3421792
2021-12-06 11:30:00,979.2070922851562,993.4498901367188,974.489990234375,990.9099731445312,990.9099731445312,2396523
2021-12-06 12:30:00,990.969970703125,1013.4000244140625,990.11328125,1011.5198974609375,1011.5198974609375,3824981
2021-12-06 13:30:00,1011.8900146484375,1021.6400146484375,1004.5692749023438,1018.7059936523438,1018.7059936523438,2424861
2021-12-06 14:30:00,1018.7249755859375,1019.9899291992188,1002.5,1008.2000122070312,1008.2000122070312,2129711
2021-12-06 15:30:00,1008.47998046875,1010.6298828125,1003.010009765625,1008.3699951171875,1008.3699951171875,1364750
2021-12-07 09:30:00,1044.199951171875,1053.4599609375,1030.530029296875,1046.0869140625,1046.0869140625,5898228
2021-12-07 10:30:00,1046.22998046875,1050.2900390625,1026.81005859375,1033.7181396484375,1033.7181396484375,2979021
2021-12-07 11:30:00,1033.68505859375,1046.7999267578125,1031.219970703125,1044.989990234375,1044.989990234375,1821346
2021-12-07 12:30:00,1044.7177734375,1048.47998046875,1040.0999755859375,1045.614990234375,1045.614990234375,1220918
2021-12-07 13:30:00,1045.68505859375,1057.6739501953125,1044.0,1054.030029296875,1054.030029296875,2050033
2021-12-07 14:30:00,1054.1600341796875,1054.39990234375,1041.0899658203125,1043.6099853515625,1043.6099853515625,1661301
2021-12-07 15:30:00,1043.199951171875,1052.7900390625,1042.9449462890625,1051.719970703125,1051.719970703125,1656656
2021-12-08 09:30:00,1052.7099609375,1055.010009765625,1034.3275146484375,1039.2900390625,1039.2900390625,4237004
2021-12-08 10:30:00,1039.5638427734375,1048.64990234375,1035.5587158203125,1047.22998046875,1047.22998046875,1699687
2021-12-08 11:30:00,1047.1800537109375,1050.35986328125,1044.550048828125,1047.3699951171875,1047.3699951171875,985763
2021-12-08 12:30:00,1047.2750244140625,1067.1600341796875,1046.1800537109375,1066.95849609375,1066.95849609375,2191291
2021-12-08 13:30:00,1067.09423828125,1067.77001953125,1057.4000244140625,1060.9576416015625,1060.9576416015625,1411944
2021-12-08 14:30:00,1061.1199951171875,1071.989990234375,1060.5679931640625,1070.52001953125,1070.52001953125,1603233
2021-12-08 15:30:00,1070.491455078125,1072.3800048828125,1067.469970703125,1068.0999755859375,1068.0999755859375,1103571
2021-12-09 09:30:00,1060.6400146484375,1062.489990234375,1036.2099609375,1036.7349853515625,1036.7349853515625,4803168
2021-12-09 10:30:00,1036.47998046875,1040.6199951171875,1028.5001220703125,1036.3160400390625,1036.3160400390625,2732195
2021-12-09 11:30:00,1036.0941162109375,1039.6199951171875,1028.260009765625,1030.5999755859375,1030.5999755859375,1646815
2021-12-09 12:30:00,1030.5450439453125,1034.0,1021.5,1022.3599853515625,1022.3599853515625,1797679
2021-12-09 13:30:00,1022.3150024414062,1024.5400390625,1011.8699951171875,1017.5349731445312,1017.5349731445312,2797460
2021-12-09 14:30:00,1017.2501220703125,1019.4298706054688,1005.030029296875,1005.2100219726562,1005.2100219726562,2373790
2021-12-09 15:30:00,1005.5999755859375,1012.0,1002.3599853515625,1003.4199829101562,1003.4199829101562,2525696
2021-12-10 09:30:00,1008.75,1012.80859375,982.7999877929688,999.3297729492188,999.3297729492188,7357567
2021-12-10 10:30:00,999.5599975585938,1007.0,986.3099975585938,1006.0,1006.0,2857978
2021-12-10 11:30:00,1006.3699951171875,1019.4993896484375,1002.1699829101562,1012.97998046875,1012.97998046875,2600124
2021-12-10 12:30:00,1012.8786010742188,1020.3200073242188,1004.3099975585938,1018.0817260742188,1018.0817260742188,1795114
2021-12-10 13:30:00,1018.1199951171875,1020.9796752929688,1012.0,1013.760009765625,1013.760009765625,1302453
2021-12-10 14:30:00,1013.885009765625,1018.5899047851562,1007.3934936523438,1015.6599731445312,1015.6599731445312,1470613
2021-12-10 15:30:00,1015.4500122070312,1019.0,1015.4000244140625,1016.6900024414062,1016.6900024414062,1338902
2021-12-13 09:30:00,1001.0900268554688,1005.0,965.8209838867188,969.9000244140625,969.9000244140625,7810143
2021-12-13 10:30:00,969.8699951171875,972.8399047851562,957.6500244140625,960.47998046875,960.47998046875,4461931
2021-12-13 11:30:00,960.6900024414062,968.9569091796875,957.2100219726562,965.9899291992188,965.9899291992188,2817678
2021-12-13 12:30:00,965.5999755859375,967.9600219726562,958.72998046875,960.1950073242188,960.1950073242188,1609429
2021-12-13 13:30:00,960.2000122070312,964.7000122070312,951.4199829101562,963.880126953125,963.880126953125,2971642
2021-12-13 14:30:00,963.9450073242188,975.639892578125,961.3900756835938,967.6799926757812,967.6799926757812,2816933
2021-12-13 15:30:00,967.72998046875,972.9400024414062,964.6199951171875,965.97998046875,965.97998046875,1759868
2021-12-14 09:30:00,945.0,958.0,931.0,953.9349975585938,953.9349975585938,7537210
2021-12-14 10:30:00,954.0910034179688,958.469970703125,939.0999755859375,941.7999877929688,941.7999877929688,2880882
2021-12-14 11:30:00,941.60498046875,943.8900146484375,933.8200073242188,935.6621704101562,935.6621704101562,2444321
2021-12-14 12:30:00,935.5999755859375,942.1300048828125,930.0,936.9990234375,936.9990234375,2615379
2021-12-14 13:30:00,936.8300170898438,945.3599853515625,932.0,942.4769287109375,942.4769287109375,1945075
2021-12-14 14:30:00,942.6275024414062,966.3499755859375,941.5599975585938,964.6901245117188,964.6901245117188,3417124
2021-12-14 15:30:00,965.0250244140625,966.4099731445312,954.8800048828125,958.3699951171875,958.3699951171875,1834700
2021-12-15 09:30:00,953.2100219726562,970.5700073242188,946.0,946.969970703125,946.969970703125,4725167
2021-12-15 10:30:00,946.510009765625,954.1754150390625,937.0499877929688,940.908203125,940.908203125,2703807
2021-12-15 11:30:00,940.9351196289062,940.9351196289062,928.2501220703125,938.2548828125,938.2548828125,3219397
2021-12-15 12:30:00,938.146728515625,944.1900024414062,933.530029296875,937.3200073242188,937.3200073242188,1800073
2021-12-15 13:30:00,937.1599731445312,962.0,934.6400146484375,944.8099975585938,944.8099975585938,4427861
2021-12-15 14:30:00,945.0,978.7498779296875,939.2171020507812,974.760009765625,974.760009765625,4542408
2021-12-15 15:30:00,974.9000244140625,977.6300048828125,965.010009765625,975.9299926757812,975.9299926757812,2305834
2021-12-16 09:30:00,994.5,994.97998046875,955.4500122070312,963.5,963.5,6924164
2021-12-16 10:30:00,963.5499877929688,966.2999267578125,932.0200805664062,943.5,943.5,5187580
2021-12-16 11:30:00,943.530029296875,943.77001953125,929.0,938.1699829101562,938.1699829101562,3463295
2021-12-16 12:30:00,938.2999877929688,943.469970703125,931.2999877929688,942.2100830078125,942.2100830078125,2095795
2021-12-16 13:30:00,942.2100219726562,946.0,929.5,933.2501220703125,933.2501220703125,2385909
2021-12-16 14:30:00,933.4149780273438,938.9199829101562,925.1500244140625,932.0399780273438,932.0399780273438,3660938
2021-12-16 15:30:00,932.47998046875,936.719970703125,921.8499755859375,926.719970703125,926.719970703125,2771897
2021-12-17 09:30:00,914.77001953125,941.8499755859375,909.0401000976562,929.10009765625,929.10009765625,9017360
2021-12-17 10:30:00,929.0999755859375,960.659912109375,928.2999877929688,953.6400146484375,953.6400146484375,5291500
2021-12-17 11:30:00,953.5759887695312,955.0,941.4199829101562,944.5599975585938,944.5599975585938,2768355
2021-12-17 12:30:00,944.3400268554688,948.530029296875,938.7899780273438,947.3699951171875,947.3699951171875,1680707
2021-12-17 13:30:00,947.5800170898438,954.5999755859375,945.0,950.5213012695312,950.5213012695312,1646843
2021-12-17 14:30:00,950.2000732421875,952.469970703125,938.3099975585938,939.530029296875,939.530029296875,1785731
2021-12-17 15:30:00,939.9600219726562,942.0,931.1500244140625,931.1500244140625,931.1500244140625,2511062
2021-12-20 09:30:00,910.7000122070312,918.7000122070312,898.0,906.0311889648438,906.0311889648438,6046840
2021-12-20 10:30:00,906.4000244140625,910.8300170898438,893.3900146484375,901.4099731445312,901.4099731445312,3587135
2021-12-20 11:30:00,901.2800903320312,910.0,898.27001953125,905.5305786132812,905.5305786132812,1859683
2021-12-20 12:30:00,905.2999877929688,905.4099731445312,896.6801147460938,901.2150268554688,901.2150268554688,1488907
2021-12-20 13:30:00,901.0,905.5900268554688,897.510009765625,898.2000122070312,898.2000122070312,1402471
2021-12-20 14:30:00,898.0,904.4310302734375,897.0001220703125,902.7899169921875,902.7899169921875,1371263
2021-12-20 15:30:00,902.5238037109375,903.1599731445312,897.5,900.0999755859375,900.0999755859375,1425065
2021-12-21 09:30:00,916.8699951171875,921.389892578125,892.0599975585938,894.4000244140625,894.4000244140625,6306008
2021-12-21 10:30:00,894.260009765625,900.5999755859375,886.1199951171875,897.9801025390625,897.9801025390625,3556554
2021-12-21 11:30:00,898.150390625,912.4498901367188,897.530029296875,908.97998046875,908.97998046875,2490582
2021-12-21 12:30:00,908.7100219726562,920.8800048828125,904.5300903320312,920.4400024414062,920.4400024414062,2541802
2021-12-21 13:30:00,920.5050048828125,936.5999755859375,920.5050048828125,930.66162109375,930.66162109375,3776576
2021-12-21 14:30:00,930.72998046875,937.239990234375,928.2340087890625,929.6699829101562,929.6699829101562,2225495
2021-12-21 15:30:00,929.489990234375,939.5,929.25,938.4299926757812,938.4299926757812,1767460
2021-12-22 09:30:00,965.6599731445312,986.7999877929688,957.0499877929688,982.0198974609375,982.0198974609375,9547318
2021-12-22 10:30:00,982.0399780273438,1015.659912109375,982.010009765625,1010.8049926757812,1010.8049926757812,7017414
2021-12-22 11:30:00,1010.9000244140625,1011.47998046875,1002.0,1004.4299926757812,1004.4299926757812,2792762
2021-12-22 12:30:00,1004.27001953125,1006.3200073242188,993.510009765625,995.3400268554688,995.3400268554688,2756173
2021-12-22 13:30:00,995.489990234375,1002.3800048828125,988.9000854492188,994.760009765625,994.760009765625,2873464
2021-12-22 14:30:00,995.093505859375,1006.8699951171875,995.0250244140625,1002.02001953125,1002.02001953125,2493390
2021-12-22 15:30:00,1002.0136108398438,1010.1400146484375,1001.52001953125,1008.6300048828125,1008.6300048828125,2353488
2021-12-23 09:30:00,1006.7999877929688,1031.4798583984375,997.5700073242188,1031.14208984375,1031.14208984375,7861580
2021-12-23 10:30:00,1031.3900146484375,1047.7281494140625,1025.0,1046.6126708984375,1046.6126708984375,5637566
2021-12-23 11:30:00,1046.76416015625,1069.0999755859375,1044.5,1058.5550537109375,1058.5550537109375,5966091
2021-12-23 12:30:00,1058.599853515625,1068.77001953125,1056.0999755859375,1067.166748046875,1067.166748046875,3089398
2021-12-23 13:30:00,1066.550048828125,1072.9766845703125,1062.5,1067.739990234375,1067.739990234375,2511089
2021-12-23 14:30:00,1067.9356689453125,1069.0400390625,1058.5,1059.0999755859375,1059.0999755859375,2361137
2021-12-23 15:30:00,1059.1300048828125,1069.3499755859375,1058.5,1067.4599609375,1067.4599609375,2534630
2021-12-27 09:30:00,1073.6700439453125,1110.0,1070.7152099609375,1108.8909912109375,1108.8909912109375,8473761
2021-12-27 10:30:00,1109.0,1113.280029296875,1099.9200439453125,1106.2685546875,1106.2685546875,3511340
2021-12-27 11:30:00,1106.3399658203125,1117.0,1102.2464599609375,1113.2796630859375,1113.2796630859375,2868605
2021-12-27 12:30:00,1113.0,1114.7698974609375,1106.5,1112.4200439453125,1112.4200439453125,1726864
2021-12-27 13:30:00,1112.5,1112.969970703125,1105.5,1107.5225830078125,1107.5225830078125,1685069
2021-12-27 14:30:00,1107.7598876953125,1110.0999755859375,1091.6099853515625,1094.6400146484375,1094.6400146484375,2320040
2021-12-27 15:30:00,1094.52001953125,1096.800048828125,1087.5999755859375,1093.8199462890625,1093.8199462890625,1933564
2021-12-28 09:30:00,1109.4849853515625,1118.9998779296875,1078.4200439453125,1089.594970703125,1089.594970703125,7602055
2021-12-28 10:30:00,1089.8699951171875,1094.5,1082.219970703125,1086.1739501953125,1086.1739501953125,2401300
2021-12-28 11:30:00,1086.1900634765625,1102.0,1081.1099853515625,1096.5833740234375,1096.5833740234375,2594130
2021-12-28 12:30:00,1096.7889404296875,1098.4000244140625,1088.010009765625,1091.675048828125,1091.675048828125,1833726
2021-12-28 13:30:00,1091.5704345703125,1092.1400146484375,1084.300048828125,1090.030029296875,1090.030029296875,1532129
2021-12-28 14:30:00,1090.06005859375,1098.7900390625,1086.52001953125,1095.0400390625,1095.0400390625,1884644
2021-12-28 15:30:00,1095.1800537109375,1097.0,1086.1600341796875,1088.8499755859375,1088.8499755859375,1416420
2021-12-29 09:30:00,1098.6400146484375,1104.0,1064.1400146484375,1073.7850341796875,1073.7850341796875,6098609
2021-12-29 10:30:00,1073.7880859375,1087.4449462890625,1070.6800537109375,1079.1400146484375,1079.1400146484375,2804311
2021-12-29 11:30:00,1079.219970703125,1081.18994140625,1072.5001220703125,1075.6832275390625,1075.6832275390625,1686565
2021-12-29 12:30:00,1075.9583740234375,1091.0,1074.52197265625,1085.0,1085.0,2070596
2021-12-29 13:30:00,1085.077392578125,1093.699951171875,1082.6600341796875,1093.4019775390625,1093.4019775390625,1618612
2021-12-29 14:30:00,1093.0001220703125,1097.114990234375,1084.300048828125,1085.530029296875,1085.530029296875,2228198
2021-12-29 15:30:00,1085.72998046875,1092.9998779296875,1085.3499755859375,1085.56005859375,1085.56005859375,1261750
2021-12-30 09:30:00,1061.3299560546875,1083.0699462890625,1056.0,1082.4200439453125,1082.4200439453125,5696085
2021-12-30 10:30:00,1082.5098876953125,1083.9898681640625,1075.1800537109375,1081.58984375,1081.58984375,1651939
2021-12-30 11:30:00,1081.010009765625,1095.550048828125,1080.4599609375,1092.679931640625,1092.679931640625,2338605
2021-12-30 12:30:00,1092.550048828125,1093.68994140625,1087.300048828125,1089.550048828125,1089.550048828125,1197365
2021-12-30 13:30:00,1089.8399658203125,1091.1800537109375,1080.4000244140625,1084.3575439453125,1084.3575439453125,1169451
2021-12-30 14:30:00,1084.5400390625,1084.800048828125,1076.9200439453125,1078.52001953125,1078.52001953125,1256388
2021-12-30 15:30:00,1078.6400146484375,1080.0899658203125,1068.3299560546875,1070.3299560546875,1070.3299560546875,1720771
2021-12-31 09:30:00,1073.4444580078125,1081.9998779296875,1065.35009765625,1069.0157470703125,1069.0157470703125,3512409
2021-12-31 10:30:00,1069.002197265625,1076.3468017578125,1063.0001220703125,1075.2598876953125,1075.2598876953125,2046953
2021-12-31 11:30:00,1074.9549560546875,1075.5,1067.3699951171875,1068.0799560546875,1068.0799560546875,2017736
2021-12-31 12:30:00,1068.260009765625,1072.0,1066.3599853515625,1067.7900390625,1067.7900390625,926856
2021-12-31 13:30:00,1067.5,1069.280029296875,1059.5,1063.3800048828125,1063.3800048828125,1376890
2021-12-31 14:30:00,1063.3199462890625,1066.1298828125,1060.358154296875,1063.5,1063.5,1170636
2021-12-31 15:30:00,1063.31005859375,1063.6199951171875,1054.5899658203125,1057.239990234375,1057.239990234375,1782203
2022-01-03 09:30:00,1147.75,1166.9261474609375,1136.0400390625,1152.0050048828125,1152.0050048828125,12105910
2022-01-03 10:30:00,1152.050048828125,1174.0899658203125,1150.510009765625,1165.8359375,1165.8359375,4620036
2022-01-03 11:30:00,1165.0,1171.3399658203125,1160.3399658203125,1167.0,1167.0,2131132
2022-01-03 12:30:00,1167.181396484375,1178.5799560546875,1165.780029296875,1175.6600341796875,1175.6600341796875,2673006
2022-01-03 13:30:00,1175.744140625,1187.72998046875,1174.27001953125,1185.696044921875,1185.696044921875,2775530
2022-01-03 14:30:00,1185.6600341796875,1200.0,1182.02001953125,1192.56005859375,1192.56005859375,4919909
2022-01-03 15:30:00,1192.5799560546875,1201.0699462890625,1187.400146484375,1199.6500244140625,1199.6500244140625,3676775
2022-01-04 09:30:00,1189.550048828125,1206.8167724609375,1175.1199951171875,1186.3310546875,1186.3310546875,9279531
2022-01-04 10:30:00,1186.1700439453125,1188.93994140625,1123.050048828125,1134.3253173828125,1134.3253173828125,8316338
2022-01-04 11:30:00,1134.7099609375,1158.0,1132.780029296875,1156.18994140625,1156.18994140625,4032404
2022-01-04 12:30:00,1156.0,1165.8499755859375,1153.400146484375,1160.85986328125,1160.85986328125,3145638
2022-01-04 13:30:00,1160.8197021484375,1161.1500244140625,1135.3177490234375,1141.10400390625,1141.10400390625,3189635
2022-01-04 14:30:00,1141.0400390625,1153.77001953125,1140.5001220703125,1151.6099853515625,1151.6099853515625,2850027
2022-01-04 15:30:00,1151.8299560546875,1155.0,1149.0389404296875,1149.6300048828125,1149.6300048828125,1793799
2022-01-05 09:30:00,1146.6500244140625,1170.3399658203125,1130.0,1159.0400390625,1159.0400390625,6858162
2022-01-05 10:30:00,1158.9000244140625,1159.1400146484375,1142.1700439453125,1150.1400146484375,1150.1400146484375,3283706
2022-01-05 11:30:00,1150.27001953125,1151.159912109375,1139.77001953125,1143.300048828125,1143.300048828125,1411952
2022-01-05 12:30:00,1143.050048828125,1143.31005859375,1132.0,1137.550048828125,1137.550048828125,1977456
2022-01-05 13:30:00,1137.510009765625,1145.969970703125,1117.0,1122.8626708984375,1122.8626708984375,2870035
2022-01-05 14:30:00,1123.4432373046875,1126.489990234375,1081.0101318359375,1085.6800537109375,1085.6800537109375,5755301
2022-01-05 15:30:00,1086.3482666015625,1099.1700439453125,1081.5,1087.6201171875,1087.6201171875,3169726
2022-01-06 09:30:00,1077.0,1084.5999755859375,1020.5,1041.8699951171875,1041.8699951171875,11544059
2022-01-06 10:30:00,1041.8800048828125,1077.8077392578125,1041.050048828125,1061.14990234375,1061.14990234375,6019729
2022-01-06 11:30:00,1061.7398681640625,1069.02001953125,1049.1099853515625,1063.581787109375,1063.581787109375,2826485
2022-01-06 12:30:00,1063.5999755859375,1075.1400146484375,1060.1800537109375,1060.510009765625,1060.510009765625,2058467
2022-01-06 13:30:00,1060.8499755859375,1068.8199462890625,1059.2501220703125,1063.5999755859375,1063.5999755859375,1552245
2022-01-06 14:30:00,1063.5050048828125,1084.56494140625,1063.0301513671875,1074.4300537109375,1074.4300537109375,3176452
2022-01-06 15:30:00,1074.97998046875,1075.85986328125,1058.1300048828125,1064.699951171875,1064.699951171875,1831481
2022-01-07 09:30:00,1080.3699951171875,1080.5799560546875,1045.0999755859375,1049.4500732421875,1049.4500732421875,6716509
2022-01-07 10:30:00,1049.099853515625,1054.0,1023.3499755859375,1039.1064453125,1039.1064453125,5218228
2022-01-07 11:30:00,1039.0,1046.0,1030.06005859375,1034.4000244140625,1034.4000244140625,2751121
2022-01-07 12:30:00,1034.1199951171875,1041.8699951171875,1027.010009765625,1027.97998046875,1027.97998046875,2262606
2022-01-07 13:30:00,1028.224365234375,1030.2498779296875,1010.0,1017.0,1017.0,3542862
2022-01-07 14:30:00,1016.72998046875,1039.4998779296875,1015.5,1021.3800048828125,1021.3800048828125,4499691
2022-01-07 15:30:00,1021.1199951171875,1030.9410400390625,1021.0200805664062,1026.9000244140625,1026.9000244140625,2198288
2022-01-10 09:30:00,1000.0,1017.2642822265625,980.0,1013.7899780273438,1013.7899780273438,10289396
2022-01-10 10:30:00,1013.7666015625,1027.349853515625,991.0,1027.3299560546875,1027.3299560546875,4805557
2022-01-10 11:30:00,1027.3599853515625,1031.929931640625,1005.260009765625,1011.0,1011.0,3372600
2022-01-10 12:30:00,1010.8900146484375,1026.530029296875,1007.0599975585938,1021.3900146484375,1021.3900146484375,2098551
2022-01-10 13:30:00,1021.677001953125,1036.5,1014.3001098632812,1035.5,1035.5,2672492
2022-01-10 14:30:00,1035.4990234375,1045.7698974609375,1032.8399658203125,1043.3636474609375,1043.3636474609375,3388676
2022-01-10 15:30:00,1043.75,1059.0999755859375,1039.75,1058.27001953125,1058.27001953125,2703344
2022-01-11 09:30:00,1053.6700439453125,1075.0,1040.0,1063.7550048828125,1063.7550048828125,7302568
2022-01-11 10:30:00,1063.489990234375,1071.0999755859375,1044.199951171875,1065.6300048828125,1065.6300048828125,4284731
2022-01-11 11:30:00,1065.7900390625,1075.8499755859375,1053.300048828125,1054.8489990234375,1054.8489990234375,2597344
2022-01-11 12:30:00,1055.0899658203125,1067.97998046875,1053.300048828125,1061.699951171875,1061.699951171875,1916822
2022-01-11 13:30:00,1061.3416748046875,1067.31005859375,1057.5,1057.6728515625,1057.6728515625,1429280
2022-01-11 14:30:00,1057.4300537109375,1064.6400146484375,1053.5001220703125,1058.219970703125,1058.219970703125,2013709
2022-01-11 15:30:00,1057.93994140625,1066.199951171875,1056.60009765625,1064.4000244140625,1064.4000244140625,1407136
2022-01-12 09:30:00,1078.8499755859375,1102.96484375,1072.590087890625,1098.5550537109375,1098.5550537109375,8468441
2022-01-12 10:30:00,1098.949951171875,1099.4000244140625,1083.530029296875,1090.52001953125,1090.52001953125,4672299
2022-01-12 11:30:00,1090.2850341796875,1096.75,1087.750244140625,1093.4000244140625,1093.4000244140625,2002429
2022-01-12 12:30:00,1093.8299560546875,1103.4000244140625,1092.8299560546875,1098.52001953125,1098.52001953125,2887544
2022-01-12 13:30:00,1098.260009765625,1109.5,1093.3800048828125,1107.531005859375,1107.531005859375,3008645
2022-01-12 14:30:00,1107.5301513671875,1114.8399658203125,1105.125,1108.72998046875,1108.72998046875,3106673
2022-01-12 15:30:00,1108.300048828125,1112.1099853515625,1105.0,1106.8800048828125,1106.8800048828125,2143207
2022-01-13 09:30:00,1109.06494140625,1114.3499755859375,1087.5301513671875,1098.41845703125,1098.41845703125,6775879
2022-01-13 10:30:00,1098.40576171875,1099.199951171875,1065.0,1081.183349609375,1081.183349609375,6585822
2022-01-13 11:30:00,1081.0101318359375,1084.0,1055.219970703125,1058.699951171875,1058.699951171875,3701209
2022-01-13 12:30:00,1058.1600341796875,1064.3599853515625,1051.300048828125,1061.5550537109375,1061.5550537109375,3649981
2022-01-13 13:30:00,1061.3399658203125,1072.0400390625,1056.5799560546875,1059.0556640625,1059.0556640625,2637544
2022-01-13 14:30:00,1058.9949951171875,1060.83984375,1041.0,1045.719970703125,1045.719970703125,3607981
2022-01-13 15:30:00,1045.6500244140625,1047.0,1026.5390625,1031.6121826171875,1031.6121826171875,3630583
2022-01-14 09:30:00,1019.8800048828125,1048.64990234375,1013.5499877929688,1042.31005859375,1042.31005859375,8788058
2022-01-14 10:30:00,1042.5,1042.7899169921875,1026.3699951171875,1037.6258544921875,1037.6258544921875,3509754
2022-01-14 11:30:00,1037.5072021484375,1045.5,1034.4654541015625,1038.0,1038.0,2067355
2022-01-14 12:30:00,1037.271484375,1040.7198486328125,1020.0,1024.489990234375,1024.489990234375,2019225
2022-01-14 13:30:00,1024.199951171875,1041.280029296875,1020.340087890625,1028.9000244140625,1028.9000244140625,2488368
2022-01-14 14:30:00,1029.2750244140625,1051.349853515625,1028.8599853515625,1045.719970703125,1045.719970703125,2821418
2022-01-14 15:30:00,1046.3299560546875,1052.0,1043.8599853515625,1049.8900146484375,1049.8900146484375,1932720
2022-01-18 09:30:00,1026.60498046875,1070.7899169921875,1016.0599975585938,1064.75,1064.75,6848855
2022-01-18 10:30:00,1064.7550048828125,1064.8299560546875,1041.7099609375,1042.680419921875,1042.680419921875,3026677
2022-01-18 11:30:00,1042.9505615234375,1055.7999267578125,1038.8499755859375,1044.5423583984375,1044.5423583984375,2441085
2022-01-18 12:30:00,1044.5,1044.5,1032.010009765625,1034.5999755859375,1034.5999755859375,1841301
2022-01-18 13:30:00,1034.0,1047.66650390625,1033.5400390625,1041.6800537109375,1041.6800537109375,1967870
2022-01-18 14:30:00,1041.2149658203125,1053.760009765625,1040.1099853515625,1041.1700439453125,1041.1700439453125,2322358
2022-01-18 15:30:00,1040.5899658203125,1040.6650390625,1026.68994140625,1030.52001953125,1030.52001953125,1981884
2022-01-19 09:30:00,1041.7049560546875,1054.669921875,1021.9088134765625,1023.9998779296875,1023.9998779296875,5566280
2022-01-19 10:30:00,1023.6707763671875,1024.89990234375,995.5,1004.3599853515625,1004.3599853515625,5278521
2022-01-19 11:30:00,1004.5999755859375,1027.8399658203125,998.0,1025.0556640625,1025.0556640625,3789574
2022-01-19 12:30:00,1024.800048828125,1026.2999267578125,1010.1400756835938,1010.9191284179688,1010.9191284179688,2224378
2022-01-19 13:30:00,1011.0900268554688,1017.3300170898438,1002.219970703125,1002.3300170898438,1002.3300170898438,2004646
2022-01-19 14:30:00,1002.1799926757812,1014.905029296875,1000.0,1001.6599731445312,1001.6599731445312,2572398
2022-01-19 15:30:00,1001.3699951171875,1005.5,995.0,995.530029296875,995.530029296875,2798722
2022-01-20 09:30:00,1008.752197265625,1029.93994140625,1002.6500244140625,1026.3900146484375,1026.3900146484375,6471617
2022-01-20 10:30:00,1026.8800048828125,1041.6600341796875,1026.8800048828125,1034.0799560546875,1034.0799560546875,3699519
2022-01-20 11:30:00,1034.2750244140625,1038.1024169921875,1028.219970703125,1036.469970703125,1036.469970703125,1899438
2022-01-20 12:30:00,1036.550048828125,1038.0,1025.5,1030.4000244140625,1030.4000244140625,1755086
2022-01-20 13:30:00,1030.37255859375,1034.4000244140625,1019.5001220703125,1020.1218872070312,1020.1218872070312,2140896
2022-01-20 14:30:00,1020.0399780273438,1021.2299194335938,997.0,1003.9099731445312,1003.9099731445312,3701542
2022-01-20 15:30:00,1003.3599853515625,1005.7999877929688,994.0,996.1901245117188,996.1901245117188,2633777
2022-01-21 09:30:00,1001.1199951171875,1004.5499877929688,951.3300170898438,962.8433227539062,962.8433227539062,10324906
2022-01-21 10:30:00,963.5,984.0399780273438,961.1900024414062,982.5,982.5,5471150
2022-01-21 11:30:00,982.0,982.3099975585938,957.8900146484375,959.5399780273438,959.5399780273438,4168742
2022-01-21 12:30:00,959.8099975585938,965.5999755859375,954.114990234375,956.5524291992188,956.5524291992188,2587709
2022-01-21 13:30:00,956.3800048828125,965.0,952.0499877929688,953.5599975585938,953.5599975585938,2369268
2022-01-21 14:30:00,953.5900268554688,961.0,940.5,945.739990234375,945.739990234375,5019893
2022-01-21 15:30:00,945.5598754882812,962.3400268554688,942.7999877929688,942.969970703125,942.969970703125,3227949
2022-01-24 09:30:00,903.969970703125,915.9099731445312,852.510009765625,875.4100952148438,875.4100952148438,16208506
2022-01-24 10:30:00,875.0,902.4298706054688,874.0,880.7689819335938,880.7689819335938,6106268
2022-01-24 11:30:00,880.5601196289062,883.0,851.469970703125,861.3599853515625,861.3599853515625,5443839
2022-01-24 12:30:00,861.3599853515625,904.0,854.5,884.3569946289062,884.3569946289062,6435147
2022-01-24 13:30:00,884.0,907.3599853515625,880.02001953125,883.5449829101562,883.5449829101562,6833301
2022-01-24 14:30:00,882.9000244140625,903.0,873.5999755859375,898.6400146484375,898.6400146484375,3966341
2022-01-24 15:30:00,898.0499877929688,933.5131225585938,894.3200073242188,930.1300048828125,930.1300048828125,3844228
2022-01-25 09:30:00,916.4172973632812,928.659912109375,904.7100830078125,925.8099975585938,925.8099975585938,7320952
2022-01-25 10:30:00,925.760009765625,932.2999877929688,912.7000122070312,915.0,915.0,3962272
2022-01-25 11:30:00,915.2899780273438,916.280029296875,905.360107421875,909.9400024414062,909.9400024414062,2868179
2022-01-25 12:30:00,910.1099243164062,921.6500244140625,903.2100219726562,920.4400024414062,920.4400024414062,2755737
2022-01-25 13:30:00,920.8045043945312,946.37841796875,919.2000122070312,944.77001953125,944.77001953125,3605849
2022-01-25 14:30:00,944.3400268554688,951.260009765625,925.0,927.6199951171875,927.6199951171875,4181775
2022-01-25 15:30:00,927.7050170898438,935.0,915.0,918.4000244140625,918.4000244140625,2567437
2022-01-26 09:30:00,952.4299926757812,963.2999877929688,939.219970703125,948.405029296875,948.405029296875,7159255
2022-01-26 10:30:00,948.0549926757812,952.4500122070312,938.5499877929688,949.4099731445312,949.4099731445312,2657555
2022-01-26 11:30:00,949.4199829101562,957.9199829101562,945.5700073242188,955.5,955.5,1946824
2022-01-26 12:30:00,955.6500244140625,964.2899169921875,952.3300170898438,958.8200073242188,958.8200073242188,2423272
2022-01-26 13:30:00,958.5800170898438,987.6900024414062,953.7301025390625,970.0900268554688,970.0900268554688,5142317
2022-01-26 14:30:00,970.0529174804688,980.7698974609375,906.0,938.9296264648438,938.9296264648438,7893381
2022-01-26 15:30:00,938.9398803710938,942.8399047851562,925.0,938.3699951171875,938.3699951171875,3313303
2022-01-27 09:30:00,933.3599853515625,935.3900146484375,870.8848876953125,871.3099975585938,871.3099975585938,13653478
2022-01-27 10:30:00,871.3599853515625,876.97998046875,857.9010009765625,865.5599975585938,865.5599975585938,7876071
2022-01-27 11:30:00,865.5499877929688,878.4998779296875,858.1513061523438,860.72998046875,860.72998046875,4647070
2022-01-27 12:30:00,860.4000244140625,866.8699951171875,853.2000122070312,854.8099975585938,854.8099975585938,4622185
2022-01-27 13:30:00,854.8900146484375,867.8900146484375,850.0,851.97998046875,851.97998046875,4812696
2022-01-27 14:30:00,851.5,852.5,831.3099975585938,836.7999877929688,836.7999877929688,6623316
2022-01-27 15:30:00,836.5800170898438,843.989990234375,829.0,829.3300170898438,829.3300170898438,4454287
2022-01-28 09:30:00,836.9500122070312,842.9000244140625,792.260009765625,824.1799926757812,824.1799926757812,16685908
2022-01-28 10:30:00,824.0401000976562,857.5,820.6799926757812,849.2100219726562,849.2100219726562,8172463
2022-01-28 11:30:00,849.4392700195312,857.0,838.0,841.0,841.0,4232787
2022-01-28 12:30:00,840.9199829101562,848.5899047851562,830.489990234375,834.3699951171875,834.3699951171875,3156188
2022-01-28 13:30:00,834.5,838.0,813.2000732421875,818.27001953125,818.27001953125,4084624
2022-01-28 14:30:00,818.4299926757812,834.9500122070312,813.4199829101562,828.5632934570312,828.5632934570312,4276117
2022-01-28 15:30:00,828.7000122070312,847.4799194335938,822.9201049804688,846.3099975585938,846.3099975585938,3160378
2022-01-31 09:30:00,872.7100219726562,908.739990234375,862.0499877929688,902.5499877929688,902.5499877929688,10519821
2022-01-31 10:30:00,902.8200073242188,924.5599975585938,901.8499755859375,917.489990234375,917.489990234375,6420797
2022-01-31 11:30:00,917.6400146484375,924.5,913.7100219726562,916.0,916.0,3185597
2022-01-31 12:30:00,915.9450073242188,932.1799926757812,915.0,921.97998046875,921.97998046875,3191181
2022-01-31 13:30:00,922.0,936.909912109375,920.0,934.9456787109375,934.9456787109375,2937367
2022-01-31 14:30:00,935.1799926757812,936.1898803710938,918.4600219726562,924.9650268554688,924.9650268554688,3621202
2022-01-31 15:30:00,924.739990234375,937.989990234375,923.010009765625,936.8300170898438,936.8300170898438,3332926
2022-02-01 09:30:00,935.2100219726562,935.2899780273438,905.0,924.0,924.0,9253547
2022-02-01 10:30:00,924.6300048828125,943.7000122070312,920.4307861328125,936.0599975585938,936.0599975585938,4355956
2022-02-01 11:30:00,936.0,941.4901733398438,927.5999755859375,929.9016723632812,929.9016723632812,2489905
2022-02-01 12:30:00,929.5999755859375,933.9500122070312,922.1599731445312,933.3499145507812,933.3499145507812,1724318
2022-02-01 13:30:00,933.0700073242188,933.39990234375,918.280029296875,921.0538940429688,921.0538940429688,1847875
2022-02-01 14:30:00,920.6900024414062,934.0,920.0399780273438,931.3699951171875,931.3699951171875,2100287
2022-02-01 15:30:00,931.5,935.3099975585938,927.0,930.9500122070312,930.9500122070312,1715693
2022-02-02 09:30:00,928.1799926757812,930.0,911.7301025390625,915.6300048828125,915.6300048828125,5517677
2022-02-02 10:30:00,915.3200073242188,921.3499755859375,893.3699951171875,901.239990234375,901.239990234375,4208911
2022-02-02 11:30:00,901.030029296875,907.7999877929688,889.4099731445312,902.3499755859375,902.3499755859375,3371188
2022-02-02 12:30:00,902.3699951171875,913.0900268554688,900.3400268554688,906.4000244140625,906.4000244140625,2151767
2022-02-02 13:30:00,906.22998046875,909.2000122070312,900.0,902.7899780273438,902.7899780273438,1653671
2022-02-02 14:30:00,903.0,911.5,901.7000122070312,905.0,905.0,2062325
2022-02-02 15:30:00,904.8599853515625,907.5,900.8900756835938,905.6500244140625,905.6500244140625,1600563
2022-02-03 09:30:00,882.0,926.3698120117188,880.52001953125,925.719970703125,925.719970703125,7185415
2022-02-03 10:30:00,925.734619140625,937.0,915.7000122070312,927.1400146484375,927.1400146484375,4765785
2022-02-03 11:30:00,928.0750732421875,932.4998779296875,907.5,913.2225952148438,913.2225952148438,3702431
2022-02-03 12:30:00,913.0599975585938,917.0,904.5335083007812,914.6599731445312,914.6599731445312,2200544
2022-02-03 13:30:00,914.3699951171875,919.5599975585938,903.0999755859375,903.4099731445312,903.4099731445312,1828043
2022-02-03 14:30:00,903.5,909.0999145507812,896.1303100585938,900.8701171875,900.8701171875,2706444
2022-02-03 15:30:00,900.8800048828125,900.969970703125,886.8800048828125,891.6033935546875,891.6033935546875,2275897
2022-02-04 09:30:00,897.219970703125,913.2999877929688,881.6599731445312,907.2100219726562,907.2100219726562,6426029
2022-02-04 10:30:00,907.48876953125,912.3699951171875,892.5599975585938,901.0399780273438,901.0399780273438,3236308
2022-02-04 11:30:00,900.72998046875,909.5,900.4600219726562,907.1201171875,907.1201171875,1849591
2022-02-04 12:30:00,907.7999877929688,929.0,906.6900024414062,925.8751220703125,925.8751220703125,3778829
2022-02-04 13:30:00,926.1500244140625,930.0,921.2899780273438,926.1851806640625,926.1851806640625,2314696
2022-02-04 14:30:00,926.313720703125,936.5,925.2999877929688,930.7100219726562,930.7100219726562,3742581
2022-02-04 15:30:00,931.2288208007812,935.6300048828125,922.8099975585938,922.8499755859375,922.8499755859375,2444964
2022-02-07 09:30:00,923.7899780273438,946.9534912109375,918.3400268554688,927.5,927.5,6772013
2022-02-07 10:30:00,927.8156127929688,929.6660766601562,915.090087890625,918.989990234375,918.989990234375,3059799
2022-02-07 11:30:00,918.6107177734375,919.3300170898438,907.3900756835938,911.0,911.0,2621161
2022-02-07 12:30:00,911.0,921.25,908.5128784179688,919.1199951171875,919.1199951171875,1897584
2022-02-07 13:30:00,919.2999877929688,920.0,911.260009765625,919.1500244140625,919.1500244140625,1373393
2022-02-07 14:30:00,919.3900146484375,926.5798950195312,915.3499755859375,916.2297973632812,916.2297973632812,2054753
2022-02-07 15:30:00,916.3599853515625,917.9398803710938,902.7089233398438,907.3300170898438,907.3300170898438,2044061
2022-02-08 09:30:00,905.530029296875,914.0,895.0001220703125,901.9381103515625,901.9381103515625,4940382
2022-02-08 10:30:00,901.9299926757812,919.719970703125,898.9099731445312,915.6400146484375,915.6400146484375,2786773
2022-02-08 11:30:00,915.7899780273438,921.8936767578125,914.5,919.0200805664062,919.0200805664062,1809489
2022-02-08 12:30:00,919.5700073242188,925.3206176757812,919.0499877929688,922.7150268554688,922.7150268554688,1657902
2022-02-08 13:30:00,922.8699951171875,926.2899169921875,915.0,915.9000244140625,915.9000244140625,1695514
2022-02-08 14:30:00,915.8200073242188,924.0800170898438,914.780029296875,921.3900146484375,921.3900146484375,1813041
2022-02-08 15:30:00,921.2650146484375,925.1099853515625,917.0599975585938,921.6699829101562,921.6699829101562,1562273
2022-02-09 09:30:00,935.0,945.114990234375,920.0,927.6306762695312,927.6306762695312,6406570
2022-02-09 10:30:00,927.9000244140625,935.0900268554688,922.7999877929688,932.3446044921875,932.3446044921875,2478977
2022-02-09 11:30:00,932.75,934.75,926.3099975585938,929.4000244140625,929.4000244140625,1504086
2022-02-09 12:30:00,929.530029296875,939.0999755859375,927.9700927734375,936.5946044921875,936.5946044921875,1677705
2022-02-09 13:30:00,936.2501220703125,937.5999145507812,932.8599853515625,934.7999877929688,934.7999877929688,1254391
2022-02-09 14:30:00,934.7666015625,934.7949829101562,926.9500122070312,932.9099731445312,932.9099731445312,1446196
2022-02-09 15:30:00,933.0599975585938,936.0,930.1500854492188,931.989990234375,931.989990234375,1733853
2022-02-10 09:30:00,909.8952026367188,934.9298706054688,905.97998046875,934.635009765625,934.635009765625,6101048
2022-02-10 10:30:00,934.969970703125,943.8099975585938,930.1199951171875,932.60498046875,932.60498046875,3774533
2022-02-10 11:30:00,932.3599853515625,936.1799926757812,927.0999755859375,933.11279296875,933.11279296875,1811965
2022-02-10 12:30:00,933.2081298828125,935.1099243164062,915.02001953125,915.02001953125,915.02001953125,2350538
2022-02-10 13:30:00,915.02001953125,921.692626953125,908.7901000976562,913.4099731445312,913.4099731445312,2546180
2022-02-10 14:30:00,913.8499755859375,919.489990234375,906.0499877929688,907.5499877929688,907.5499877929688,2112027
2022-02-10 15:30:00,907.1199951171875,907.744873046875,896.7000122070312,904.5499877929688,904.5499877929688,2420479
2022-02-11 09:30:00,909.6300048828125,915.9600219726562,887.530029296875,892.2987060546875,892.2987060546875,6723321
2022-02-11 10:30:00,892.1763916015625,898.3800048828125,882.8800048828125,886.3300170898438,886.3300170898438,3320776
2022-02-11 11:30:00,886.0,892.469970703125,882.0999755859375,890.1035766601562,890.1035766601562,2361793
2022-02-11 12:30:00,890.5299072265625,892.114013671875,881.010009765625,881.2000122070312,881.2000122070312,1615135
2022-02-11 13:30:00,881.3400268554688,881.5745849609375,862.2999877929688,863.0,863.0,4580097
2022-02-11 14:30:00,863.219970703125,866.0399780273438,852.010009765625,857.72998046875,857.72998046875,4184881
2022-02-11 15:30:00,857.239990234375,866.0,850.7000122070312,859.3300170898438,859.3300170898438,2844495
2022-02-14 09:30:00,861.5700073242188,878.9658203125,853.1500244140625,875.5900268554688,875.5900268554688,6749026
2022-02-14 10:30:00,875.7000122070312,898.8798828125,871.2100219726562,896.5499877929688,896.5499877929688,3929767
2022-02-14 11:30:00,896.5570068359375,897.0700073242188,887.6699829101562,892.4199829101562,892.4199829101562,2046532
2022-02-14 12:30:00,892.469970703125,895.4298706054688,880.1699829101562,880.6799926757812,880.6799926757812,1661833
2022-02-14 13:30:00,880.5499877929688,880.909912109375,859.0399780273438,871.02001953125,871.02001953125,3251016
2022-02-14 14:30:00,870.4638061523438,875.9899291992188,864.8099975585938,872.9000244140625,872.9000244140625,2586998
2022-02-14 15:30:00,872.9000244140625,878.5,869.0,875.780029296875,875.780029296875,1658347
2022-02-15 09:30:00,900.0,920.3699951171875,893.3773803710938,917.7614135742188,917.7614135742188,7655090
2022-02-15 10:30:00,917.52001953125,921.7985229492188,914.330078125,916.6599731445312,916.6599731445312,2588448
2022-02-15 11:30:00,916.8599853515625,920.7000122070312,911.510009765625,913.8250732421875,913.8250732421875,1734906
2022-02-15 12:30:00,913.5499877929688,919.3399047851562,908.5009765625,918.3300170898438,918.3300170898438,1677512
2022-02-15 13:30:00,918.5,918.9899291992188,913.9299926757812,917.6447143554688,917.6447143554688,1187764
2022-02-15 14:30:00,917.5399780273438,919.7799072265625,913.0,916.8250122070312,916.8250122070312,1512007
2022-02-15 15:30:00,916.969970703125,923.0,913.2000122070312,922.260009765625,922.260009765625,2067710
2022-02-16 09:30:00,914.0499877929688,917.6599731445312,902.9600219726562,907.8837280273438,907.8837280273438,4453444
2022-02-16 10:30:00,907.905029296875,916.4199829101562,906.7899780273438,909.8099975585938,909.8099975585938,1962679
2022-02-16 11:30:00,909.6300048828125,914.8800048828125,908.4100952148438,910.5900268554688,910.5900268554688,1094350
2022-02-16 12:30:00,910.510009765625,910.5499877929688,903.1599731445312,905.219970703125,905.219970703125,1323347
2022-02-16 13:30:00,905.2899780273438,922.0599975585938,901.2100219726562,921.1199951171875,921.1199951171875,2362353
2022-02-16 14:30:00,921.3729248046875,926.239990234375,916.4400024414062,925.78271484375,925.78271484375,3389237
2022-02-16 15:30:00,925.7996215820312,926.4298706054688,920.5001220703125,923.260009765625,923.260009765625,1415637
2022-02-17 09:30:00,913.260009765625,918.4998779296875,897.6199951171875,898.1300048828125,898.1300048828125,4264433
2022-02-17 10:30:00,897.9390258789062,899.75,886.8499755859375,897.0150146484375,897.0150146484375,3367894
2022-02-17 11:30:00,896.9099731445312,897.0599975585938,887.10009765625,891.6699829101562,891.6699829101562,1958340
2022-02-17 12:30:00,891.4400024414062,894.3499145507812,880.52001953125,883.2999877929688,883.2999877929688,2047516
2022-02-17 13:30:00,883.0399780273438,884.8298950195312,876.0,879.8889770507812,879.8889770507812,1902509
2022-02-17 14:30:00,879.6400756835938,881.7568969726562,876.5,877.9299926757812,877.9299926757812,1883013
2022-02-17 15:30:00,877.75,880.489990234375,874.0999755859375,876.4099731445312,876.4099731445312,2100510
2022-02-18 09:30:00,886.0,886.8699951171875,855.9500122070312,857.0,857.0,5968151
2022-02-18 10:30:00,856.6400146484375,858.0499877929688,842.319580078125,848.4400024414062,848.4400024414062,4066765
2022-02-18 11:30:00,848.6599731445312,853.6298828125,844.52001953125,849.9544067382812,849.9544067382812,2118620
2022-02-18 12:30:00,850.530029296875,851.280029296875,837.6099853515625,841.1699829101562,841.1699829101562,2393895
2022-02-18 13:30:00,840.8298950195312,857.8800048828125,840.260009765625,857.2650146484375,857.2650146484375,2351142
2022-02-18 14:30:00,857.1500244140625,863.0800170898438,852.219970703125,855.5,855.5,3119508
2022-02-18 15:30:00,854.9301147460938,858.2299194335938,850.5399780273438,856.97998046875,856.97998046875,1861239
2022-02-22 09:30:00,834.1300048828125,856.7338256835938,827.1599731445312,855.4299926757812,855.4299926757812,6386745
2022-02-22 10:30:00,855.0499877929688,855.389892578125,818.0,819.0778198242188,819.0778198242188,3642431
2022-02-22 11:30:00,818.8599853515625,824.5,802.780029296875,808.1599731445312,808.1599731445312,4375156
2022-02-22 12:30:00,808.1945190429688,814.530029296875,804.3800048828125,807.5120239257812,807.5120239257812,2374054
2022-02-22 13:30:00,807.6699829101562,812.9600219726562,801.10009765625,811.989990234375,811.989990234375,3148653
2022-02-22 14:30:00,812.030029296875,832.0,806.2401123046875,823.4550170898438,823.4550170898438,4505650
2022-02-22 15:30:00,823.0401000976562,825.75,817.3699951171875,821.6199951171875,821.6199951171875,1947373
2022-02-23 09:30:00,832.552001953125,835.2498779296875,795.2700805664062,802.0250244140625,802.0250244140625,8161921
2022-02-23 10:30:00,801.7406005859375,807.97998046875,785.780029296875,787.125,787.125,5182746
2022-02-23 11:30:00,787.5,800.7100219726562,785.3099975585938,797.469970703125,797.469970703125,3527627
2022-02-23 12:30:00,797.6400146484375,798.0,780.02001953125,780.3400268554688,780.3400268554688,2568611
2022-02-23 13:30:00,780.498291015625,789.8599853515625,775.260009765625,776.0980224609375,776.0980224609375,3131376
2022-02-23 14:30:00,776.160400390625,777.1799926757812,765.0999755859375,772.4550170898438,772.4550170898438,4350756
2022-02-23 15:30:00,772.3699951171875,774.0999755859375,760.5599975585938,763.989990234375,763.989990234375,3308002
2022-02-24 09:30:00,700.3900146484375,774.7000122070312,700.0,756.02001953125,756.02001953125,18603395
2022-02-24 10:30:00,755.6500244140625,771.8300170898438,751.0100708007812,761.135009765625,761.135009765625,5695296
2022-02-24 11:30:00,761.4400024414062,770.77001953125,750.489990234375,755.2299194335938,755.2299194335938,3958360
2022-02-24 12:30:00,755.2000122070312,762.9298706054688,750.5,756.2999877929688,756.2999877929688,2590972
2022-02-24 13:30:00,756.7600708007812,777.0,755.4000244140625,766.610107421875,766.610107421875,5053143
2022-02-24 14:30:00,766.8699951171875,789.0,766.5800170898438,784.969970703125,784.969970703125,4153351
2022-02-24 15:30:00,784.97998046875,802.47998046875,784.83251953125,800.5399780273438,800.5399780273438,3696865
2022-02-25 09:30:00,809.22998046875,819.5,782.4005126953125,795.7000122070312,795.7000122070312,9145557
2022-02-25 10:30:00,796.144775390625,808.4099731445312,788.0,805.5399780273438,805.5399780273438,3980421
2022-02-25 11:30:00,805.375,814.8400268554688,803.10009765625,805.5800170898438,805.5800170898438,2965294
2022-02-25 12:30:00,805.6400146484375,809.4000244140625,794.5,801.27001953125,801.27001953125,2288723
2022-02-25 13:30:00,801.3250122070312,807.4000244140625,797.6141967773438,805.9000244140625,805.9000244140625,2089204
2022-02-25 14:30:00,805.9500122070312,807.968994140625,799.25,804.3699951171875,804.3699951171875,1918396
2022-02-25 15:30:00,804.4600219726562,810.6400146484375,802.5599975585938,809.8300170898438,809.8300170898438,1859105
2022-02-28 09:30:00,822.260009765625,854.0,816.4400024414062,852.030029296875,852.030029296875,8660113
2022-02-28 10:30:00,852.0,871.2000122070312,851.5100708007812,868.4400024414062,868.4400024414062,6045405
2022-02-28 11:30:00,868.54248046875,876.8599853515625,861.280029296875,864.9799194335938,864.9799194335938,4327287
2022-02-28 12:30:00,864.9299926757812,871.4000244140625,852.530029296875,867.889892578125,867.889892578125,3970023
2022-02-28 13:30:00,867.7899780273438,871.0,855.27001953125,857.47998046875,857.47998046875,2521931
2022-02-28 14:30:00,857.931884765625,866.9398803710938,852.25,863.5900268554688,863.5900268554688,2641888
2022-02-28 15:30:00,863.4000244140625,872.0,855.5999755859375,871.0,871.0,2651229
2022-03-01 09:30:00,869.6799926757812,888.0,856.6951904296875,883.1500244140625,883.1500244140625,8254562
2022-03-01 10:30:00,883.6400146484375,889.8800048828125,866.2999877929688,867.510009765625,867.510009765625,4280978
2022-03-01 11:30:00,867.2650146484375,867.4500122070312,857.6400146484375,866.0999755859375,866.0999755859375,3190102
2022-03-01 12:30:00,865.9299926757812,873.9500122070312,861.0,861.5,861.5,2212578
2022-03-01 13:30:00,861.625,867.989990234375,858.7603759765625,866.0250244140625,866.0250244140625,1707995
2022-03-01 14:30:00,865.7000122070312,872.25,862.3400268554688,863.6699829101562,863.6699829101562,2267305
2022-03-01 15:30:00,863.7650146484375,865.0,853.780029296875,864.489990234375,864.489990234375,2100570
2022-03-02 09:30:00,872.1300048828125,886.02001953125,847.1300048828125,859.72998046875,859.72998046875,7179281
2022-03-02 10:30:00,858.530029296875,863.280029296875,844.2720947265625,856.9400024414062,856.9400024414062,4275906
2022-03-02 11:30:00,857.22998046875,861.989990234375,847.738525390625,849.030029296875,849.030029296875,2344077
2022-03-02 12:30:00,849.3099975585938,866.97998046875,846.4569091796875,863.7150268554688,863.7150268554688,2441705
2022-03-02 13:30:00,864.0,874.9000244140625,860.27001953125,869.489990234375,869.489990234375,2661205
2022-03-02 14:30:00,869.552978515625,876.7365112304688,867.3099975585938,875.2249755859375,875.2249755859375,2278142
2022-03-02 15:30:00,875.3941040039062,883.5206909179688,875.3941040039062,879.8900146484375,879.8900146484375,2754804
2022-03-03 09:30:00,878.77001953125,885.3298950195312,860.5999755859375,863.0,863.0,5183537
2022-03-03 10:30:00,862.7333984375,866.359619140625,848.3599853515625,856.4400024414062,856.4400024414062,3580609
2022-03-03 11:30:00,856.2100219726562,862.0,851.6799926757812,852.510009765625,852.510009765625,1845006
2022-03-03 12:30:00,852.7299194335938,864.6099853515625,851.510009765625,857.2000122070312,857.2000122070312,1982948
2022-03-03 13:30:00,857.030029296875,857.2999267578125,848.8900756835938,852.144775390625,852.144775390625,1800530
2022-03-03 14:30:00,852.1300048828125,852.5900268554688,838.760009765625,842.6400146484375,842.6400146484375,2575427
2022-03-03 15:30:00,842.6500244140625,842.7399291992188,832.60009765625,839.3800048828125,839.3800048828125,2310575
2022-03-04 09:30:00,844.2999877929688,855.6500244140625,836.1799926757812,843.0891723632812,843.0891723632812,6627254
2022-03-04 10:30:00,842.5399780273438,845.7899780273438,825.160888671875,832.6300048828125,832.6300048828125,3452956
2022-03-04 11:30:00,832.1900024414062,844.7000122070312,828.02001953125,838.2000122070312,838.2000122070312,2553249
2022-03-04 12:30:00,838.0100708007812,848.0999755859375,834.510009765625,847.344970703125,847.344970703125,2196639
2022-03-04 13:30:00,847.489990234375,851.6900024414062,836.2778930664062,840.8900146484375,840.8900146484375,2314132
2022-03-04 14:30:00,840.5,843.9598999023438,830.0800170898438,833.4199829101562,833.4199829101562,2427597
2022-03-04 15:30:00,833.2999877929688,839.7999267578125,828.1099853515625,838.5599975585938,838.5599975585938,1888091
2022-03-07 09:30:00,859.7371215820312,865.1749877929688,837.0599975585938,837.292724609375,837.292724609375,7287321
2022-03-07 10:30:00,837.2128295898438,842.80078125,825.0999755859375,839.20849609375,839.20849609375,3803082
2022-03-07 11:30:00,839.3767700195312,840.239990234375,827.2000122070312,829.8599853515625,829.8599853515625,2628390
2022-03-07 12:30:00,829.52001953125,838.4899291992188,817.1400146484375,818.3800048828125,818.3800048828125,2396778
2022-03-07 13:30:00,818.0300903320312,822.25,812.1300048828125,817.3200073242188,817.3200073242188,2042545
2022-03-07 14:30:00,817.2349853515625,817.97998046875,805.5599975585938,811.3800048828125,811.3800048828125,2468752
2022-03-07 15:30:00,810.7100219726562,812.4000244140625,804.5700073242188,804.5800170898438,804.5800170898438,2080786
2022-03-08 09:30:00,795.530029296875,814.6500244140625,782.1699829101562,806.5900268554688,806.5900268554688,7382487
2022-03-08 10:30:00,806.25,824.6400146484375,799.6199951171875,813.760009765625,813.760009765625,3622317
2022-03-08 11:30:00,814.2288208007812,843.97998046875,807.0,838.2999877929688,838.2999877929688,4147687
2022-03-08 12:30:00,839.02001953125,849.989990234375,833.8699951171875,837.8400268554688,837.8400268554688,3244959
2022-03-08 13:30:00,837.6743774414062,840.4135131835938,823.5401000976562,834.1898803710938,834.1898803710938,3093212
2022-03-08 14:30:00,833.5900268554688,844.0,828.6500244140625,830.0,830.0,2472392
2022-03-08 15:30:00,829.9849853515625,831.969970703125,823.0,824.2000122070312,824.2000122070312,1831690
2022-03-09 09:30:00,839.47998046875,853.719970703125,832.6900024414062,852.7401123046875,852.7401123046875,7203557
2022-03-09 10:30:00,852.9550170898438,858.119873046875,849.0900268554688,853.1300048828125,853.1300048828125,2951032
2022-03-09 11:30:00,853.260009765625,856.0999755859375,846.4500732421875,849.780029296875,849.780029296875,1784790
2022-03-09 12:30:00,849.72998046875,855.6994018554688,847.3300170898438,852.8399047851562,852.8399047851562,1362302
2022-03-09 13:30:00,852.7999877929688,855.75,848.3200073242188,852.60498046875,852.60498046875,1196889
2022-03-09 14:30:00,852.7999877929688,860.5599975585938,852.5800170898438,858.9201049804688,858.9201049804688,2232356
2022-03-09 15:30:00,859.27001953125,860.5098876953125,854.5,858.9299926757812,858.9299926757812,1851751
2022-03-10 09:30:00,851.4500122070312,854.4500122070312,830.5,834.8493041992188,834.8493041992188,5457423
2022-03-10 10:30:00,834.6799926757812,835.989990234375,816.4000244140625,818.15478515625,818.15478515625,3057102
2022-03-10 11:30:00,818.6593017578125,826.159912109375,818.35009765625,822.7100219726562,822.7100219726562,1889560
2022-03-10 12:30:00,822.760009765625,822.8572998046875,810.360107421875,814.0399780273438,814.0399780273438,2131115
2022-03-10 13:30:00,813.927978515625,831.1900024414062,811.030029296875,830.0100708007812,830.0100708007812,2409963
2022-03-10 14:30:00,830.2999877929688,836.4998779296875,828.5399780273438,834.130126953125,834.130126953125,2298302
2022-03-10 15:30:00,834.9400024414062,839.7899780273438,832.0499877929688,838.280029296875,838.280029296875,1627193
2022-03-11 09:30:00,840.197021484375,843.802001953125,814.4000244140625,817.7000122070312,817.7000122070312,5369919
2022-03-11 10:30:00,817.510009765625,821.9299926757812,803.8900146484375,804.0499877929688,804.0499877929688,3538466
2022-03-11 11:30:00,803.9199829101562,807.489990234375,797.6295776367188,797.7617797851562,797.7617797851562,3797463
2022-03-11 12:30:00,797.7150268554688,807.1500244140625,797.219970703125,805.58447265625,805.58447265625,2197621
2022-03-11 13:30:00,805.64501953125,806.280029296875,793.77001953125,800.6500244140625,800.6500244140625,2376652
2022-03-11 14:30:00,800.530029296875,801.6900024414062,794.5999755859375,795.1599731445312,795.1599731445312,2134230
2022-03-11 15:30:00,795.010009765625,798.7899169921875,793.7999877929688,795.3499755859375,795.3499755859375,2041694
2022-03-14 09:30:00,780.6099853515625,800.7000122070312,756.3699951171875,789.0999755859375,789.0999755859375,8377173
2022-03-14 10:30:00,789.1199951171875,793.5900268554688,776.8400268554688,779.989990234375,779.989990234375,3168568
2022-03-14 11:30:00,779.6799926757812,781.0700073242188,768.7100219726562,773.8049926757812,773.8049926757812,2423793
2022-03-14 12:30:00,773.4000244140625,774.9000244140625,759.1099853515625,760.047119140625,760.047119140625,2372469
2022-03-14 13:30:00,760.4400024414062,770.3499755859375,756.0399780273438,763.1099853515625,763.1099853515625,2190216
2022-03-14 14:30:00,763.2000122070312,769.4498901367188,759.5800170898438,764.530029296875,764.530029296875,2054828
2022-03-14 15:30:00,764.405029296875,770.1400146484375,758.0800170898438,766.02001953125,766.02001953125,2045523
2022-03-15 09:30:00,775.27001953125,783.27001953125,756.5700073242188,783.2000122070312,783.2000122070312,6395771
2022-03-15 10:30:00,783.27001953125,799.1500244140625,783.239990234375,798.8800048828125,798.8800048828125,3997059
2022-03-15 11:30:00,798.7999877929688,801.0,785.1099853515625,792.6599731445312,792.6599731445312,2792720
2022-03-15 12:30:00,792.74609375,793.5449829101562,785.9317016601562,788.1832885742188,788.1832885742188,1696733
2022-03-15 13:30:00,788.2000122070312,797.02001953125,787.5,793.7260131835938,793.7260131835938,1600802
2022-03-15 14:30:00,793.5700073242188,803.97998046875,792.5501098632812,801.0,801.0,2671731
2022-03-15 15:30:00,801.219970703125,805.5700073242188,800.52001953125,801.5800170898438,801.5800170898438,2009310
2022-03-16 09:30:00,809.0,838.6699829101562,806.0001220703125,835.5349731445312,835.5349731445312,7638991
2022-03-16 10:30:00,835.6500244140625,840.8699951171875,830.2999877929688,836.760009765625,836.760009765625,3414211
2022-03-16 11:30:00,836.8699951171875,838.739990234375,832.4500122070312,834.1956176757812,834.1956176757812,1802961
2022-03-16 12:30:00,834.1699829101562,836.164306640625,817.6799926757812,823.5698852539062,823.5698852539062,2778559
2022-03-16 13:30:00,823.3300170898438,831.5900268554688,809.1500244140625,810.0900268554688,810.0900268554688,3451829
2022-03-16 14:30:00,809.864990234375,838.0,802.2600708007812,836.2899780273438,836.2899780273438,4909877
2022-03-16 15:30:00,836.489990234375,842.0,831.5499877929688,840.6300048828125,840.6300048828125,2454968
2022-03-17 09:30:00,830.989990234375,854.7299194335938,825.7177734375,850.610107421875,850.610107421875,6219436
2022-03-17 10:30:00,850.8488159179688,851.4498901367188,836.0,848.5,848.5,2941399
2022-03-17 11:30:00,848.0999755859375,857.639892578125,845.4000244140625,856.1599731445312,856.1599731445312,2117708
2022-03-17 12:30:00,856.469970703125,865.5899047851562,854.5,863.4962158203125,863.4962158203125,2304161
2022-03-17 13:30:00,863.7658081054688,872.5399780273438,863.3699951171875,868.2100219726562,868.2100219726562,2647199
2022-03-17 14:30:00,868.3099975585938,875.0,867.1599731445312,869.5,869.5,2355318
2022-03-17 15:30:00,869.580078125,873.489990234375,864.2899780273438,871.9299926757812,871.9299926757812,2165832
2022-03-18 09:30:00,870.861572265625,899.489990234375,867.3900146484375,896.4899291992188,896.4899291992188,8578046
2022-03-18 10:30:00,896.72998046875,898.7999877929688,886.6699829101562,893.5,893.5,3843097
2022-03-18 11:30:00,893.5,901.0,892.6500854492188,897.7150268554688,897.7150268554688,2521620
2022-03-18 12:30:00,897.8099975585938,903.8499755859375,895.5499877929688,899.8643798828125,899.8643798828125,2615144
2022-03-18 13:30:00,899.6900024414062,900.97802734375,892.02001953125,896.8200073242188,896.8200073242188,2346785
2022-03-18 14:30:00,896.7899780273438,903.0,895.469970703125,902.0999755859375,902.0999755859375,2794935
2022-03-18 15:30:00,902.1900024414062,907.8499755859375,899.7000122070312,905.3900146484375,905.3900146484375,3917411
2022-03-21 09:30:00,914.97998046875,941.2899169921875,909.5,910.8099975585938,910.8099975585938,9075846
2022-03-21 10:30:00,910.7999877929688,932.4400024414062,909.5999755859375,930.3668823242188,930.3668823242188,4766916
2022-03-21 11:30:00,930.4818115234375,932.780029296875,921.5,926.6199951171875,926.6199951171875,2484464
2022-03-21 12:30:00,926.6699829101562,926.6699829101562,907.0900268554688,911.9299926757812,911.9299926757812,3315681
2022-03-21 13:30:00,911.72998046875,925.9600219726562,911.5001220703125,925.4550170898438,925.4550170898438,2205936
2022-03-21 14:30:00,925.3699951171875,927.9439697265625,917.0300903320312,924.1400146484375,924.1400146484375,2199702
2022-03-21 15:30:00,924.1500244140625,925.7993774414062,915.6801147460938,921.364990234375,921.364990234375,1659588
2022-03-22 09:30:00,930.0,940.780029296875,922.4000244140625,939.0399780273438,939.0399780273438,7057459
2022-03-22 10:30:00,938.9500122070312,947.0598754882812,934.1500244140625,946.0363159179688,946.0363159179688,3559438
2022-03-22 11:30:00,945.89501953125,948.6799926757812,938.2000122070312,940.530029296875,940.530029296875,2447159
2022-03-22 12:30:00,940.8900146484375,953.0,939.5,952.510009765625,952.510009765625,2692121
2022-03-22 13:30:00,952.5,977.25,952.02001953125,976.719970703125,976.719970703125,5547173
2022-03-22 14:30:00,976.7205810546875,996.5198974609375,972.7100219726562,988.7932739257812,988.7932739257812,7793235
2022-03-22 15:30:00,989.0349731445312,997.8599853515625,987.0,994.1799926757812,994.1799926757812,4669467
2022-03-23 09:30:00,979.9400024414062,1035.0,976.4000244140625,1026.0,1026.0,14477234
2022-03-23 10:30:00,1026.1500244140625,1040.699951171875,1015.1599731445312,1036.1800537109375,1036.1800537109375,5920215
2022-03-23 11:30:00,1036.93994140625,1039.6500244140625,1023.75,1026.7099609375,1026.7099609375,3603843
2022-03-23 12:30:00,1027.0,1028.6346435546875,992.60009765625,998.1400146484375,998.1400146484375,5074226
2022-03-23 13:30:00,998.0,1004.760009765625,984.8599853515625,1000.1130981445312,1000.1130981445312,4343716
2022-03-23 14:30:00,1000.2349853515625,1009.530029296875,991.1500244140625,1000.8422241210938,1000.8422241210938,3791598
2022-03-23 15:30:00,1000.8101196289062,1003.0,994.4450073242188,998.72998046875,998.72998046875,2219585
2022-03-24 09:30:00,1009.72998046875,1022.8900146484375,988.7999877929688,993.1900024414062,993.1900024414062,8301739
2022-03-24 10:30:00,993.6027221679688,1014.889892578125,989.0,1011.7042236328125,1011.7042236328125,4008069
2022-03-24 11:30:00,1012.02001953125,1019.5,1002.3400268554688,1003.1900024414062,1003.1900024414062,2524387
2022-03-24 12:30:00,1002.9349975585938,1011.2999877929688,1001.5599975585938,1007.1600952148438,1007.1600952148438,1590210
2022-03-24 13:30:00,1007.469970703125,1013.0,1004.02001953125,1008.6849975585938,1008.6849975585938,1542734
2022-03-24 14:30:00,1008.44140625,1018.4099731445312,1006.010009765625,1014.8961791992188,1014.8961791992188,2039667
2022-03-24 15:30:00,1015.0,1016.3599853515625,1010.5172119140625,1013.719970703125,1013.719970703125,1832751
2022-03-25 09:30:00,1008.0,1016.4998779296875,1001.6199951171875,1007.52001953125,1007.52001953125,5717915
2022-03-25 10:30:00,1007.75,1021.7999267578125,997.3201293945312,1001.3560180664062,1001.3560180664062,4167180
2022-03-25 11:30:00,1001.4962158203125,1007.4757080078125,998.2000732421875,1005.9000244140625,1005.9000244140625,2517356
2022-03-25 12:30:00,1005.9849853515625,1008.2999877929688,999.3377075195312,1003.2360229492188,1003.2360229492188,1661501
2022-03-25 13:30:00,1003.010009765625,1010.8900146484375,1002.4400024414062,1006.5900268554688,1006.5900268554688,1503895
2022-03-25 14:30:00,1006.510009765625,1010.4600219726562,999.1099853515625,999.47998046875,999.47998046875,2021929
2022-03-25 15:30:00,999.1799926757812,1011.3900146484375,998.8699951171875,1010.9400024414062,1010.9400024414062,2157673
2022-03-28 09:30:00,1065.0999755859375,1079.3800048828125,1053.5999755859375,1072.2735595703125,1072.2735595703125,12048690
2022-03-28 10:30:00,1072.551025390625,1096.5699462890625,1071.070068359375,1088.2349853515625,1088.2349853515625,6774549
2022-03-28 11:30:00,1088.31005859375,1090.1199951171875,1071.677001953125,1075.7750244140625,1075.7750244140625,3492611
2022-03-28 12:30:00,1075.8099365234375,1092.97998046875,1074.800048828125,1090.8099365234375,1090.8099365234375,2753489
2022-03-28 13:30:00,1090.800048828125,1093.47998046875,1084.8800048828125,1092.56005859375,1092.56005859375,2607138
2022-03-28 14:30:00,1092.4200439453125,1097.8798828125,1089.5,1092.0299072265625,1092.0299072265625,2794295
2022-03-28 15:30:00,1091.72998046875,1093.3699951171875,1081.6700439453125,1092.1300048828125,1092.1300048828125,2690947
2022-03-29 09:30:00,1109.260009765625,1114.77001953125,1073.1099853515625,1085.6500244140625,1085.6500244140625,9732078
2022-03-29 10:30:00,1085.4599609375,1098.6234130859375,1082.30615234375,1097.800048828125,1097.800048828125,3557607
2022-03-29 11:30:00,1097.800048828125,1106.449951171875,1094.6099853515625,1097.4100341796875,1097.4100341796875,2643518
2022-03-29 12:30:00,1097.4200439453125,1099.699951171875,1091.6700439453125,1094.0,1094.0,1676932
2022-03-29 13:30:00,1094.06005859375,1105.31005859375,1090.2916259765625,1099.22998046875,1099.22998046875,2256992
2022-03-29 14:30:00,1099.0,1103.0,1097.2501220703125,1100.010009765625,1100.010009765625,1795169
2022-03-29 15:30:00,1100.4549560546875,1102.300048828125,1094.2900390625,1099.8260498046875,1099.8260498046875,1967047
2022-03-30 09:30:00,1091.1700439453125,1112.4599609375,1084.9842529296875,1110.7840576171875,1110.7840576171875,6336951
2022-03-30 10:30:00,1110.4000244140625,1113.949951171875,1096.31005859375,1098.2706298828125,1098.2706298828125,3295794
2022-03-30 11:30:00,1098.050048828125,1106.5,1097.6300048828125,1103.83984375,1103.83984375,1437391
2022-03-30 12:30:00,1103.70654296875,1112.739990234375,1101.5999755859375,1105.50390625,1105.50390625,1666536
2022-03-30 13:30:00,1105.7154541015625,1108.3599853515625,1091.260009765625,1094.1099853515625,1094.1099853515625,1897737
2022-03-30 14:30:00,1094.3050537109375,1098.5,1084.510009765625,1087.7099609375,1087.7099609375,2514809
2022-03-30 15:30:00,1087.4000244140625,1094.989990234375,1085.6201171875,1093.989990234375,1093.989990234375,2146341
2022-03-31 09:30:00,1094.5699462890625,1098.77001953125,1081.6361083984375,1093.6700439453125,1093.6700439453125,5109295
2022-03-31 10:30:00,1093.9949951171875,1103.139892578125,1091.0799560546875,1095.7479248046875,1095.7479248046875,2285953
2022-03-31 11:30:00,1095.4599609375,1099.1923828125,1091.2099609375,1093.97998046875,1093.97998046875,1128936
2022-03-31 12:30:00,1094.010009765625,1094.2049560546875,1085.1114501953125,1090.3399658203125,1090.3399658203125,1270178
2022-03-31 13:30:00,1090.3045654296875,1093.969970703125,1087.050048828125,1091.0,1091.0,1296372
2022-03-31 14:30:00,1091.06005859375,1095.114990234375,1085.52001953125,1087.219970703125,1087.219970703125,1443568
2022-03-31 15:30:00,1087.300048828125,1089.0999755859375,1076.6409912109375,1077.5999755859375,1077.5999755859375,2294528
2022-04-01 09:30:00,1081.1500244140625,1086.6800537109375,1066.7449951171875,1083.8599853515625,1083.8599853515625,5515988
2022-04-01 10:30:00,1083.9000244140625,1094.75,1082.43994140625,1086.369873046875,1086.369873046875,3071298
2022-04-01 11:30:00,1086.0,1088.239990234375,1077.010009765625,1082.22265625,1082.22265625,1839042
2022-04-01 12:30:00,1082.10986328125,1082.56005859375,1075.5,1077.530029296875,1077.530029296875,1257711
2022-04-01 13:30:00,1077.010009765625,1085.0,1076.6600341796875,1083.4300537109375,1083.4300537109375,1436227
2022-04-01 14:30:00,1083.5400390625,1085.64990234375,1073.5,1075.6600341796875,1075.6600341796875,1600147
2022-04-01 15:30:00,1075.8599853515625,1085.0,1074.5001220703125,1084.56005859375,1084.56005859375,2120484
2022-04-04 09:30:00,1089.3800048828125,1108.5,1072.530029296875,1108.0,1108.0,7974058
2022-04-04 10:30:00,1108.1099853515625,1135.1099853515625,1105.0101318359375,1133.3800048828125,1133.3800048828125,5958949
2022-04-04 11:30:00,1133.4910888671875,1136.7349853515625,1127.300048828125,1132.453857421875,1132.453857421875,2522470
2022-04-04 12:30:00,1132.60009765625,1144.3900146484375,1130.1300048828125,1144.1922607421875,1144.1922607421875,2016766
2022-04-04 13:30:00,1144.058349609375,1148.0400390625,1139.5,1146.197509765625,1146.197509765625,2885778
2022-04-04 14:30:00,1146.1500244140625,1149.9100341796875,1140.6700439453125,1141.030029296875,1141.030029296875,2466659
2022-04-04 15:30:00,1141.030029296875,1145.8800048828125,1136.3531494140625,1145.5400390625,1145.5400390625,2414174
2022-04-05 09:30:00,1136.300048828125,1152.5699462890625,1122.2000732421875,1126.8499755859375,1126.8499755859375,7880539
2022-04-05 10:30:00,1126.8599853515625,1129.0,1110.9599609375,1116.0,1116.0,4364296
2022-04-05 11:30:00,1116.000244140625,1118.550048828125,1090.1400146484375,1093.800048828125,1093.800048828125,4294257
2022-04-05 12:30:00,1093.8133544921875,1107.0699462890625,1090.0899658203125,1102.93505859375,1102.93505859375,2873637
2022-04-05 13:30:00,1102.3626708984375,1105.72998046875,1095.010009765625,1103.0,1103.0,1838507
2022-04-05 14:30:00,1103.19287109375,1108.760009765625,1088.3399658203125,1090.9300537109375,1090.9300537109375,2454334
2022-04-05 15:30:00,1090.9849853515625,1093.6300048828125,1087.300048828125,1091.1600341796875,1091.1600341796875,1957026
2022-04-06 09:30:00,1073.469970703125,1079.0,1032.75,1039.469970703125,1039.469970703125,9515697
2022-04-06 10:30:00,1039.449951171875,1048.9000244140625,1035.7099609375,1042.5699462890625,1042.5699462890625,3591198
2022-04-06 11:30:00,1042.659912109375,1046.8798828125,1030.0,1033.0999755859375,1033.0999755859375,2547014
2022-04-06 12:30:00,1032.989990234375,1036.469970703125,1027.699951171875,1034.0,1034.0,2098022
2022-04-06 13:30:00,1033.9599609375,1064.93994140625,1032.8800048828125,1040.02001953125,1040.02001953125,5312154
2022-04-06 14:30:00,1040.2120361328125,1059.8299560546875,1040.2120361328125,1046.6351318359375,1046.6351318359375,3776980
2022-04-06 15:30:00,1046.5699462890625,1056.199951171875,1043.5386962890625,1045.5400390625,1045.5400390625,2121225
2022-04-07 09:30:00,1052.3900146484375,1076.5899658203125,1046.510009765625,1064.800048828125,1064.800048828125,8002583
2022-04-07 10:30:00,1064.8399658203125,1067.469970703125,1036.1800537109375,1038.431640625,1038.431640625,3860513
2022-04-07 11:30:00,1038.969970703125,1039.099853515625,1027.300048828125,1034.3363037109375,1034.3363037109375,2799636
2022-04-07 12:30:00,1034.444580078125,1044.3199462890625,1021.5401000976562,1042.733154296875,1042.733154296875,3001666
2022-04-07 13:30:00,1043.0,1053.389404296875,1033.6800537109375,1047.4749755859375,1047.4749755859375,2913727
2022-04-07 14:30:00,1047.030029296875,1063.550048828125,1046.31005859375,1057.050048828125,1057.050048828125,2892371
2022-04-07 15:30:00,1057.27001953125,1065.9599609375,1056.22998046875,1057.010009765625,1057.010009765625,2098698
2022-04-08 09:30:00,1043.2099609375,1047.219970703125,1022.4349975585938,1031.6650390625,1031.6650390625,6126064
2022-04-08 10:30:00,1032.25,1042.179931640625,1023.5300903320312,1034.4000244140625,1034.4000244140625,3518427
2022-04-08 11:30:00,1034.530029296875,1044.0400390625,1031.1099853515625,1043.419921875,1043.419921875,1983494
2022-04-08 12:30:00,1043.18359375,1044.0,1032.3199462890625,1032.8927001953125,1032.8927001953125,1592114
2022-04-08 13:30:00,1033.1190185546875,1035.5,1029.050048828125,1030.517333984375,1030.517333984375,1440399
2022-04-08 14:30:00,1030.6400146484375,1037.4698486328125,1030.0999755859375,1033.6300048828125,1033.6300048828125,1488430
2022-04-08 15:30:00,1033.7099609375,1035.1400146484375,1025.0,1025.489990234375,1025.489990234375,1572167
2022-04-11 09:30:00,980.4000244140625,1008.4680786132812,976.0,994.4849853515625,994.4849853515625,7820254
2022-04-11 10:30:00,994.469970703125,999.0,984.2301025390625,985.27001953125,985.27001953125,2587384
2022-04-11 11:30:00,984.8300170898438,992.489990234375,982.1199951171875,984.1699829101562,984.1699829101562,1735252
2022-04-11 12:30:00,984.0,993.3298950195312,982.5,990.110107421875,990.110107421875,1697999
2022-04-11 13:30:00,990.1799926757812,994.2999267578125,981.4199829101562,981.8099975585938,981.8099975585938,1433518
2022-04-11 14:30:00,981.4716186523438,991.375,980.0,980.8178100585938,980.8178100585938,1593207
2022-04-11 15:30:00,980.5999755859375,981.7000122070312,974.6400146484375,975.72998046875,975.72998046875,2018355
2022-04-12 09:30:00,997.6400146484375,1021.1920776367188,991.5,1010.0,1010.0,8152089
2022-04-12 10:30:00,1009.9849853515625,1013.9998779296875,988.2000122070312,1000.7999877929688,1000.7999877929688,3495783
2022-04-12 11:30:00,1000.719970703125,1003.77001953125,992.0,992.8950805664062,992.8950805664062,1937395
2022-04-12 12:30:00,992.6599731445312,1005.119873046875,991.5,998.5537109375,998.5537109375,1938245
2022-04-12 13:30:00,999.0399780273438,1001.0,982.47998046875,983.22998046875,983.22998046875,2000405
2022-04-12 14:30:00,983.0,987.989990234375,976.60009765625,978.4000244140625,978.4000244140625,2025086
2022-04-12 15:30:00,978.505615234375,989.64990234375,977.4201049804688,986.9600219726562,986.9600219726562,1704136
2022-04-13 09:30:00,981.0750122070312,997.3800048828125,973.0969848632812,993.082275390625,993.082275390625,5697892
2022-04-13 10:30:00,993.469970703125,1008.9099731445312,988.969970703125,1006.4199829101562,1006.4199829101562,2896087
2022-04-13 11:30:00,1006.5800170898438,1009.9099731445312,1003.0900268554688,1007.6400146484375,1007.6400146484375,1594944
2022-04-13 12:30:00,1007.77001953125,1018.7000122070312,1007.22998046875,1014.9500122070312,1014.9500122070312,2024340
2022-04-13 13:30:00,1015.4199829101562,1017.47998046875,1008.3300170898438,1016.3599243164062,1016.3599243164062,1778015
2022-04-13 14:30:00,1016.22998046875,1025.4000244140625,1015.3900146484375,1023.530029296875,1023.530029296875,2127244
2022-04-13 15:30:00,1023.5499877929688,1026.239990234375,1020.2000122070312,1022.5599975585938,1022.5599975585938,1611433
2022-04-14 09:30:00,999.2899780273438,1012.7098999023438,985.630126953125,991.0,991.0,6841598
2022-04-14 10:30:00,991.2399291992188,993.5399780273438,983.1600952148438,991.3099975585938,991.3099975585938,2439689
2022-04-14 11:30:00,991.371826171875,991.6400146484375,983.989990234375,984.99951171875,984.99951171875,1756766
2022-04-14 12:30:00,985.0599975585938,988.02001953125,982.1900024414062,984.8400268554688,984.8400268554688,1444331
2022-04-14 13:30:00,985.0599975585938,998.0,985.0599975585938,992.25,992.25,2143535
2022-04-14 14:30:00,992.1900024414062,993.2100219726562,986.2100830078125,991.0999755859375,991.0999755859375,1594676
2022-04-14 15:30:00,991.125,991.4000244140625,984.0750122070312,984.9600219726562,984.9600219726562,1745541
2022-04-18 09:30:00,989.030029296875,1006.64990234375,973.4099731445312,1004.5,1004.5,5763850
2022-04-18 10:30:00,1004.8900146484375,1009.619873046875,997.010009765625,997.86962890625,997.86962890625,2409708
2022-04-18 11:30:00,997.7000122070312,999.969970703125,987.4299926757812,988.0,988.0,1605652
2022-04-18 12:30:00,987.8099975585938,996.1500244140625,985.510009765625,994.610107421875,994.610107421875,1413260
2022-04-18 13:30:00,994.9899291992188,1014.5599975585938,994.0700073242188,1013.3499755859375,1013.3499755859375,2328958
2022-04-18 14:30:00,1013.3699951171875,1014.9199829101562,1005.2100219726562,1005.2100219726562,1005.2100219726562,1617761
2022-04-18 15:30:00,1005.3342895507812,1005.3342895507812,996.8300170898438,1004.7000122070312,1004.7000122070312,1452827
2022-04-19 09:30:00,1005.0599975585938,1023.1400146484375,995.3250122070312,1016.6199951171875,1016.6199951171875,5329224
2022-04-19 10:30:00,1016.719970703125,1032.02001953125,1015.9400024414062,1027.4749755859375,1027.4749755859375,2771607
2022-04-19 11:30:00,1027.219970703125,1034.93994140625,1025.25,1026.0,1026.0,1515282
2022-04-19 12:30:00,1026.0,1029.4737548828125,1019.0,1020.4749755859375,1020.4749755859375,1348857
2022-04-19 13:30:00,1020.77001953125,1028.4000244140625,1017.780029296875,1021.4600219726562,1021.4600219726562,1615557
2022-04-19 14:30:00,1021.4600219726562,1029.6300048828125,1021.219970703125,1027.7818603515625,1027.7818603515625,1645036
2022-04-19 15:30:00,1027.8299560546875,1029.030029296875,1023.4099731445312,1028.0999755859375,1028.0999755859375,1593841
2022-04-20 09:30:00,1030.0,1034.0,991.3699951171875,995.8200073242188,995.8200073242188,6172282
2022-04-20 10:30:00,995.8300170898438,1007.0,992.77001953125,994.5399780273438,994.5399780273438,2927385
2022-04-20 11:30:00,994.72998046875,997.72998046875,978.0,980.0,980.0,2784664
2022-04-20 12:30:00,980.0,990.2999877929688,980.0,985.280029296875,985.280029296875,2131408
2022-04-20 13:30:00,985.27001953125,991.2999267578125,984.0599975585938,985.0399780273438,985.0399780273438,1441106
2022-04-20 14:30:00,984.905029296875,987.6500244140625,976.1400146484375,981.97998046875,981.97998046875,1966055
2022-04-20 15:30:00,982.0900268554688,985.6663818359375,975.2501220703125,976.989990234375,976.989990234375,1811770
2022-04-21 09:30:00,1077.510009765625,1092.219970703125,1053.5,1064.489990234375,1064.489990234375,13818582
2022-04-21 10:30:00,1064.5,1069.3499755859375,1044.27001953125,1044.5,1044.5,4435138
2022-04-21 11:30:00,1044.5,1047.604248046875,1030.0,1030.8800048828125,1030.8800048828125,3921694
2022-04-21 12:30:00,1030.6400146484375,1041.4000244140625,1030.1099853515625,1039.97900390625,1039.97900390625,2550460
2022-04-21 13:30:00,1039.44140625,1041.5,1013.4500122070312,1020.41552734375,1020.41552734375,2980097
2022-04-21 14:30:00,1019.7100219726562,1024.56005859375,996.4149780273438,1010.77001953125,1010.77001953125,4364724
2022-04-21 15:30:00,1010.642822265625,1012.989990234375,1002.6484985351562,1008.780029296875,1008.780029296875,2380028
2022-04-22 09:30:00,1017.12548828125,1034.8499755859375,994.0599975585938,1010.1400146484375,1010.1400146484375,7453995
2022-04-22 10:30:00,1010.22998046875,1033.25,1010.22998046875,1026.949951171875,1026.949951171875,3742595
2022-04-22 11:30:00,1027.3924560546875,1028.8380126953125,1010.6199951171875,1016.6500244140625,1016.6500244140625,2482997
2022-04-22 12:30:00,1016.510009765625,1021.668212890625,1008.530029296875,1008.72998046875,1008.72998046875,1968724
2022-04-22 13:30:00,1008.5,1015.8198852539062,1002.2000122070312,1009.9655151367188,1009.9655151367188,2326258
2022-04-22 14:30:00,1009.719970703125,1013.4000244140625,1001.9500122070312,1007.739990234375,1007.739990234375,2338277
2022-04-22 15:30:00,1007.77001953125,1015.9000244140625,1003.5999755859375,1004.9949951171875,1004.9949951171875,2005017
2022-04-25 09:30:00,978.969970703125,1004.4500122070312,975.2999877929688,1001.6599731445312,1001.6599731445312,7758500
2022-04-25 10:30:00,1001.655029296875,1008.6199951171875,990.0900268554688,998.0700073242188,998.0700073242188,2906051
2022-04-25 11:30:00,998.1099853515625,1002.5499877929688,986.1400146484375,996.1868286132812,996.1868286132812,1986563
2022-04-25 12:30:00,996.239990234375,1002.2557983398438,989.8300170898438,997.280029296875,997.280029296875,1685752
2022-04-25 13:30:00,997.2899780273438,1005.5399780273438,994.135986328125,1005.47998046875,1005.47998046875,1584722
2022-04-25 14:30:00,1005.5700073242188,1006.7949829101562,979.0,990.5650024414062,990.5650024414062,3990998
2022-04-25 15:30:00,990.619873046875,1000.760009765625,984.47998046875,998.2899780273438,998.2899780273438,2089537
2022-04-26 09:30:00,995.4299926757812,1000.0,915.3400268554688,921.9299926757812,921.9299926757812,13486969
2022-04-26 10:30:00,921.3900146484375,926.97998046875,898.25,907.5,907.5,8463900
2022-04-26 11:30:00,907.8300170898438,911.0900268554688,891.4362182617188,905.0,905.0,5416867
2022-04-26 12:30:00,904.9299926757812,906.989990234375,885.2999877929688,889.8499755859375,889.8499755859375,4210912
2022-04-26 13:30:00,889.5599975585938,895.989990234375,882.5499877929688,893.52001953125,893.52001953125,4214437
2022-04-26 14:30:00,893.3499755859375,899.47998046875,883.3900146484375,889.7100219726562,889.7100219726562,3826051
2022-04-26 15:30:00,889.4500122070312,894.89990234375,875.0,876.3699951171875,876.3699951171875,3880836
2022-04-27 09:30:00,898.5800170898438,917.0,882.4099731445312,886.530029296875,886.530029296875,9565580
2022-04-27 10:30:00,886.6099853515625,910.5396728515625,881.52001953125,904.6785278320312,904.6785278320312,4072441
2022-04-27 11:30:00,904.8300170898438,910.780029296875,898.0,908.7650146484375,908.7650146484375,2416490
2022-04-27 12:30:00,908.9636840820312,909.4904174804688,895.3200073242188,902.3699951171875,902.3699951171875,2167703
2022-04-27 13:30:00,902.3200073242188,903.6799926757812,890.205810546875,892.2899780273438,892.2899780273438,1820508
2022-04-27 14:30:00,892.0,896.5700073242188,881.0,882.27001953125,882.27001953125,2455587
2022-04-27 15:30:00,882.1199951171875,885.0,877.3599853515625,881.8699951171875,881.8699951171875,2332002
2022-04-28 09:30:00,899.97998046875,900.0,821.7000122070312,826.969970703125,826.969970703125,13172052
2022-04-28 10:30:00,826.9600219726562,847.9000244140625,825.5,839.739990234375,839.739990234375,5384540
2022-04-28 11:30:00,839.5,851.11572265625,832.0999755859375,850.8109130859375,850.8109130859375,3455407
2022-04-28 12:30:00,850.9000244140625,875.9099731445312,849.791015625,865.5700073242188,865.5700073242188,5945109
2022-04-28 13:30:00,865.6900024414062,881.0999145507812,861.25,880.2050170898438,880.2050170898438,4370583
2022-04-28 14:30:00,880.2899780273438,895.1900024414062,879.73681640625,881.75,881.75,4709273
2022-04-28 15:30:00,881.9400024414062,885.7999877929688,873.5,877.5,877.5,3340040
2022-04-29 09:30:00,902.25,934.39990234375,890.0900268554688,917.2100219726562,917.2100219726562,10949405
2022-04-29 10:30:00,917.0,923.8798828125,901.02001953125,906.5,906.5,3851016
2022-04-29 11:30:00,905.75,919.0,901.5,905.7026977539062,905.7026977539062,2767266
2022-04-29 12:30:00,905.6649780273438,905.6649780273438,893.219970703125,901.3049926757812,901.3049926757812,2303012
2022-04-29 13:30:00,901.0601196289062,905.7999877929688,882.0,884.489990234375,884.489990234375,2287675
2022-04-29 14:30:00,884.344970703125,886.9000244140625,877.75,882.0499877929688,882.0499877929688,2610290
2022-04-29 15:30:00,881.7999877929688,885.1500244140625,870.0,871.5900268554688,871.5900268554688,2720034
